Recalculating 5yr (2021-01-01 ΓåÆ 2026-04-17) [force-recompute] ΓÇª
Recalculating [bb+dte+macd+overall+rsi+stoch+ta+trend+weekly] for 669 stock(s) (1933d lookback, batch, 8w) [force] ΓÇª

Stocks:   0%|          | 0/669 [00:00<?, ?stk/s]
Stocks:   0%|          | 1/669 [01:26<16:02:00, 86.41s/stk, AAOI]
Stocks:   0%|          | 2/669 [01:28<8:00:27, 43.22s/stk, ABNB] 
Stocks:   1%|          | 4/669 [01:32<4:02:43, 21.90s/stk, ABR] 
Stocks:   1%|          | 5/669 [01:36<3:19:13, 18.00s/stk, AAPL]
Stocks:   1%|          | 6/669 [01:37<2:44:40, 14.90s/stk, ABAT]
Stocks:   1%|          | 7/669 [01:42<2:25:49, 13.22s/stk, AAP] 
Stocks:   1%|          | 8/669 [01:51<2:19:13, 12.64s/stk, ABT]
Stocks:   1%|ΓûÅ         | 9/669 [02:46<3:21:15, 18.30s/stk, ACHR]
Stocks:   1%|ΓûÅ         | 10/669 [02:53<3:05:42, 16.91s/stk, ACI]
Stocks:   2%|ΓûÅ         | 11/669 [02:54<2:45:14, 15.07s/stk, ACAD]
Stocks:   2%|ΓûÅ         | 12/669 [02:57<2:31:08, 13.80s/stk, ACHC]
Stocks:   2%|ΓûÅ         | 13/669 [03:14<2:33:49, 14.07s/stk, ACGL]
Stocks:   2%|ΓûÅ         | 14/669 [03:15<2:20:04, 12.83s/stk, ACMR]
Stocks:   2%|ΓûÅ         | 16/669 [03:47<2:25:37, 13.38s/stk, ACN] 
Stocks:   3%|ΓûÄ         | 17/669 [04:25<2:46:42, 15.34s/stk, ADBE]
Stocks:   3%|ΓûÄ         | 18/669 [04:27<2:35:39, 14.35s/stk, ADI] 
Stocks:   3%|ΓûÄ         | 19/669 [04:28<2:23:43, 13.27s/stk, ADM]
Stocks:   3%|ΓûÄ         | 20/669 [04:30<2:14:41, 12.45s/stk, ADSK]
Stocks:   3%|ΓûÄ         | 21/669 [04:46<2:16:56, 12.68s/stk, ADT] 
Stocks:   3%|ΓûÄ         | 22/669 [04:59<2:16:59, 12.70s/stk, AEHR]
Stocks:   4%|ΓûÄ         | 24/669 [05:31<2:21:38, 13.18s/stk, AESI]
Stocks:   4%|ΓûÄ         | 25/669 [05:33<2:13:40, 12.45s/stk, AENT]
Stocks:   4%|Γûì         | 26/669 [05:36<2:06:49, 11.83s/stk, AEIS]
Stocks:   4%|Γûì         | 27/669 [05:54<2:10:42, 12.22s/stk, AEO] 
Stocks:   4%|Γûì         | 28/669 [05:58<2:04:58, 11.70s/stk, AES]
Stocks:   4%|Γûì         | 29/669 [06:02<1:59:53, 11.24s/stk, AEP]
Stocks:   4%|Γûì         | 30/669 [06:11<1:58:24, 11.12s/stk, AFRM]
Stocks:   5%|Γûì         | 31/669 [06:15<1:53:29, 10.67s/stk, AEVA]
Stocks:   5%|Γûì         | 32/669 [06:55<2:12:07, 12.44s/stk, AGX] 
Stocks:   5%|Γûî         | 34/669 [07:04<2:01:58, 11.52s/stk, AHCO]
Stocks:   5%|Γûî         | 35/669 [07:06<1:56:16, 11.00s/stk, AGYS]
Stocks:   5%|Γûî         | 36/669 [07:16<1:55:32, 10.95s/stk, AIG] 
Stocks:   6%|Γûî         | 37/669 [07:19<1:50:37, 10.50s/stk, AIR]
Stocks:   6%|Γûî         | 38/669 [07:19<1:44:40,  9.95s/stk, ALAB]
Stocks:   6%|Γûî         | 39/669 [07:37<1:48:53, 10.37s/stk, AKAM]
Stocks:   6%|Γûî         | 41/669 [08:10<1:55:11, 11.01s/stk, AL]  
Stocks:   6%|Γûï         | 42/669 [08:24<1:56:56, 11.19s/stk, ALB]
Stocks:   6%|Γûï         | 43/669 [08:29<1:53:02, 10.83s/stk, ALGN]
Stocks:   7%|Γûï         | 44/669 [08:31<1:48:23, 10.41s/stk, ALGT]
Stocks:   7%|Γûï         | 45/669 [08:36<1:45:24, 10.13s/stk, ALLY]
Stocks:   7%|Γûï         | 46/669 [08:37<1:40:05,  9.64s/stk, ALZN]
Stocks:   7%|Γûï         | 48/669 [08:51<1:37:07,  9.38s/stk, ALSN]
Stocks:   7%|Γûï         | 49/669 [09:21<1:47:17, 10.38s/stk, AMPX]
Stocks:   7%|Γûï         | 50/669 [09:33<1:48:10, 10.49s/stk, AMAT]
Stocks:   8%|Γûè         | 51/669 [09:39<1:45:34, 10.25s/stk, AMR] 
Stocks:   8%|Γûè         | 52/669 [09:45<1:43:10, 10.03s/stk, AMD]
Stocks:   8%|Γûè         | 53/669 [09:48<1:39:55,  9.73s/stk, AMKR]
Stocks:   8%|Γûè         | 54/669 [09:51<1:36:22,  9.40s/stk, AMTM]
Stocks:   8%|Γûè         | 55/669 [09:52<1:31:43,  8.96s/stk, AMGN]
Stocks:   8%|Γûè         | 56/669 [09:54<1:28:20,  8.65s/stk, AMN] 
Stocks:   9%|Γûè         | 57/669 [10:02<1:27:54,  8.62s/stk, AMRX]
Stocks:   9%|Γûè         | 58/669 [10:50<1:47:17, 10.54s/stk, AMT] 
Stocks:   9%|Γûë         | 59/669 [10:58<1:45:52, 10.41s/stk, AMZN]
Stocks:   9%|Γûë         | 60/669 [11:03<1:42:53, 10.14s/stk, ANET]
Stocks:   9%|Γûë         | 61/669 [11:03<1:37:49,  9.65s/stk, ANDE]
Stocks:   9%|Γûë         | 62/669 [11:08<1:35:09,  9.41s/stk, ANF] 
Stocks:   9%|Γûë         | 63/669 [11:10<1:31:38,  9.07s/stk, ANIP]
Stocks:  10%|Γûë         | 64/669 [11:11<1:27:25,  8.67s/stk, AOSL]
Stocks:  10%|Γûë         | 65/669 [11:29<1:31:29,  9.09s/stk, APA] 
Stocks:  10%|Γûë         | 66/669 [11:51<1:38:05,  9.76s/stk, APLD]
Stocks:  10%|Γûê         | 67/669 [12:06<1:40:26, 10.01s/stk, APG] 
Stocks:  10%|Γûê         | 68/669 [12:08<1:36:26,  9.63s/stk, APAM]
Stocks:  10%|Γûê         | 69/669 [12:22<1:38:16,  9.83s/stk, APLE]
Stocks:  10%|Γûê         | 70/669 [12:23<1:33:36,  9.38s/stk, APH] 
Stocks:  11%|Γûê         | 71/669 [12:25<1:29:53,  9.02s/stk, APLS]
Stocks:  11%|Γûê         | 72/669 [12:28<1:26:56,  8.74s/stk, APO] 
Stocks:  11%|Γûê         | 73/669 [12:31<1:23:55,  8.45s/stk, APP]
Stocks:  11%|Γûê         | 74/669 [12:50<1:29:06,  8.99s/stk, ARM]
Stocks:  11%|Γûê         | 75/669 [13:05<1:31:35,  9.25s/stk, APPF]
Stocks:  11%|ΓûêΓûÅ        | 76/669 [13:20<1:34:37,  9.57s/stk, APTV]
Stocks:  12%|ΓûêΓûÅ        | 77/669 [13:26<1:32:22,  9.36s/stk, ARI] 
Stocks:  12%|ΓûêΓûÅ        | 78/669 [13:31<1:30:06,  9.15s/stk, ARLO]
Stocks:  12%|ΓûêΓûÅ        | 79/669 [13:39<1:29:34,  9.11s/stk, ARRY]
Stocks:  12%|ΓûêΓûÅ        | 80/669 [13:42<1:26:15,  8.79s/stk, AROC]
Stocks:  12%|ΓûêΓûÅ        | 81/669 [13:45<1:23:26,  8.51s/stk, ARR] 
Stocks:  12%|ΓûêΓûÅ        | 82/669 [14:10<1:31:05,  9.31s/stk, ASGN]
Stocks:  12%|ΓûêΓûÅ        | 83/669 [14:26<1:34:20,  9.66s/stk, ASML]
Stocks:  13%|ΓûêΓûÄ        | 84/669 [14:27<1:30:03,  9.24s/stk, ASO] 
Stocks:  13%|ΓûêΓûÄ        | 85/669 [14:42<1:32:36,  9.51s/stk, ASPN]
Stocks:  13%|ΓûêΓûÄ        | 87/669 [14:50<1:27:12,  8.99s/stk, ASTS]
Stocks:  13%|ΓûêΓûÄ        | 88/669 [14:59<1:27:15,  9.01s/stk, ATEN]
Stocks:  13%|ΓûêΓûÄ        | 90/669 [15:29<1:31:54,  9.53s/stk, ATI] 
Stocks:  14%|ΓûêΓûÄ        | 91/669 [15:44<1:34:19,  9.79s/stk, AVAV]
Stocks:  14%|ΓûêΓûì        | 92/669 [15:45<1:30:28,  9.41s/stk, AUB] 
Stocks:  14%|ΓûêΓûì        | 93/669 [15:54<1:30:03,  9.38s/stk, AVXL]
Stocks:  14%|ΓûêΓûì        | 94/669 [15:57<1:26:56,  9.07s/stk, AVGO]
Stocks:  14%|ΓûêΓûì        | 95/669 [16:12<1:29:24,  9.35s/stk, AWR] 
Stocks:  14%|ΓûêΓûì        | 96/669 [16:16<1:26:43,  9.08s/stk, AX] 
Stocks:  14%|ΓûêΓûì        | 97/669 [16:18<1:23:29,  8.76s/stk, AXON]
Stocks:  15%|ΓûêΓûì        | 98/669 [16:55<1:35:55, 10.08s/stk, AXP] 
Stocks:  15%|ΓûêΓûì        | 99/669 [17:05<1:35:39, 10.07s/stk, AXTI]
Stocks:  15%|ΓûêΓûì        | 100/669 [17:06<1:31:28,  9.65s/stk, AZN]
Stocks:  15%|ΓûêΓûî        | 101/669 [17:13<1:30:22,  9.55s/stk, BABA]
Stocks:  15%|ΓûêΓûî        | 102/669 [17:15<1:26:48,  9.19s/stk, BA]  
Stocks:  15%|ΓûêΓûî        | 103/669 [17:21<1:24:56,  9.00s/stk, BBAI]
Stocks:  16%|ΓûêΓûî        | 104/669 [17:37<1:28:16,  9.37s/stk, BANC]
Stocks:  16%|ΓûêΓûî        | 105/669 [17:40<1:24:54,  9.03s/stk, BAC] 
Stocks:  16%|ΓûêΓûî        | 106/669 [18:12<1:35:10, 10.14s/stk, BBW]
Stocks:  16%|ΓûêΓûî        | 107/669 [18:20<1:34:03, 10.04s/stk, BCC]
Stocks:  16%|ΓûêΓûî        | 108/669 [18:24<1:31:28,  9.78s/stk, BE] 
Stocks:  16%|ΓûêΓûï        | 110/669 [18:31<1:25:47,  9.21s/stk, BEPC]
Stocks:  17%|ΓûêΓûï        | 111/669 [18:36<1:23:44,  9.00s/stk, BDX] 
Stocks:  17%|ΓûêΓûï        | 112/669 [18:55<1:27:56,  9.47s/stk, BFH]
Stocks:  17%|ΓûêΓûï        | 113/669 [18:59<1:25:20,  9.21s/stk, BGC]
Stocks:  17%|ΓûêΓûï        | 114/669 [19:31<1:34:44, 10.24s/stk, BHE]
Stocks:  17%|ΓûêΓûï        | 115/669 [19:40<1:34:14, 10.21s/stk, BIDU]
Stocks:  17%|ΓûêΓûï        | 116/669 [19:43<1:31:02,  9.88s/stk, BITF]
Stocks:  18%|ΓûêΓûè        | 118/669 [19:44<1:22:47,  9.02s/stk, BIIB]
Stocks:  18%|ΓûêΓûè        | 119/669 [19:55<1:23:33,  9.12s/stk, BJRI]
Stocks:  18%|ΓûêΓûè        | 120/669 [20:18<1:29:00,  9.73s/stk, BKE] 
Stocks:  18%|ΓûêΓûè        | 121/669 [20:22<1:26:27,  9.47s/stk, BKNG]
Stocks:  18%|ΓûêΓûè        | 122/669 [20:51<1:34:36, 10.38s/stk, BL]  
Stocks:  18%|ΓûêΓûè        | 123/669 [20:53<1:30:44,  9.97s/stk, BKR]
Stocks:  19%|ΓûêΓûè        | 124/669 [20:58<1:28:45,  9.77s/stk, BLDR]
Stocks:  19%|ΓûêΓûè        | 125/669 [21:02<1:26:11,  9.51s/stk, BLK] 
Stocks:  19%|ΓûêΓûë        | 126/669 [21:05<1:23:17,  9.20s/stk, BLDP]
Stocks:  19%|ΓûêΓûë        | 127/669 [21:24<1:27:06,  9.64s/stk, BMI] 
Stocks:  19%|ΓûêΓûë        | 128/669 [21:52<1:34:45, 10.51s/stk, BMY]
Stocks:  19%|ΓûêΓûë        | 129/669 [21:53<1:30:40, 10.08s/stk, BN] 
Stocks:  19%|ΓûêΓûë        | 130/669 [22:05<1:31:17, 10.16s/stk, BOOT]
Stocks:  20%|ΓûêΓûë        | 131/669 [22:11<1:29:15,  9.95s/stk, BRBR]
Stocks:  20%|ΓûêΓûë        | 133/669 [22:12<1:21:07,  9.08s/stk, BOH] 
Stocks:  20%|ΓûêΓûê        | 134/669 [22:30<1:24:38,  9.49s/stk, BRC]
Stocks:  20%|ΓûêΓûê        | 135/669 [22:35<1:22:43,  9.29s/stk, BTSG]
Stocks:  20%|ΓûêΓûê        | 136/669 [22:50<1:24:54,  9.56s/stk, BRKR]
Stocks:  20%|ΓûêΓûê        | 137/669 [22:52<1:21:43,  9.22s/stk, BROS]
Stocks:  21%|ΓûêΓûê        | 138/669 [22:55<1:18:59,  8.93s/stk, BULL]
Stocks:  21%|ΓûêΓûê        | 139/669 [23:21<1:25:51,  9.72s/stk, BTG] 
Stocks:  21%|ΓûêΓûê        | 141/669 [23:24<1:18:54,  8.97s/stk, BTU]
Stocks:  21%|ΓûêΓûê        | 142/669 [23:41<1:21:56,  9.33s/stk, BURU]
Stocks:  21%|ΓûêΓûêΓûÅ       | 143/669 [23:49<1:21:22,  9.28s/stk, BX]  
Stocks:  22%|ΓûêΓûêΓûÅ       | 144/669 [24:04<1:23:42,  9.57s/stk, BYND]
Stocks:  22%|ΓûêΓûêΓûÅ       | 145/669 [24:18<1:25:10,  9.75s/stk, C]   
Stocks:  22%|ΓûêΓûêΓûÅ       | 147/669 [24:43<1:27:03, 10.01s/stk, CALM]
Stocks:  22%|ΓûêΓûêΓûÅ       | 148/669 [24:46<1:23:59,  9.67s/stk, CAG] 
Stocks:  22%|ΓûêΓûêΓûÅ       | 149/669 [24:47<1:20:36,  9.30s/stk, CAKE]
Stocks:  22%|ΓûêΓûêΓûÅ       | 150/669 [24:50<1:18:08,  9.03s/stk, CART]
Stocks:  23%|ΓûêΓûêΓûÄ       | 151/669 [24:59<1:17:55,  9.03s/stk, CALX]
Stocks:  23%|ΓûêΓûêΓûÄ       | 152/669 [25:05<1:16:34,  8.89s/stk, CALY]
Stocks:  23%|ΓûêΓûêΓûÄ       | 153/669 [25:16<1:17:16,  8.99s/stk, CARG]
Stocks:  23%|ΓûêΓûêΓûÄ       | 154/669 [25:22<1:15:51,  8.84s/stk, CARR]
Stocks:  23%|ΓûêΓûêΓûÄ       | 155/669 [26:08<1:30:05, 10.52s/stk, CB]  
Stocks:  23%|ΓûêΓûêΓûÄ       | 156/669 [26:09<1:26:18, 10.09s/stk, CBRE]
Stocks:  23%|ΓûêΓûêΓûÄ       | 157/669 [26:13<1:23:50,  9.83s/stk, CAT] 
Stocks:  24%|ΓûêΓûêΓûÄ       | 158/669 [26:14<1:20:20,  9.43s/stk, CC] 
Stocks:  24%|ΓûêΓûêΓûì       | 159/669 [26:16<1:17:03,  9.07s/stk, CBRL]
Stocks:  24%|ΓûêΓûêΓûì       | 160/669 [26:20<1:15:04,  8.85s/stk, CCEP]
Stocks:  24%|ΓûêΓûêΓûì       | 161/669 [26:33<1:16:16,  9.01s/stk, CCI] 
Stocks:  24%|ΓûêΓûêΓûì       | 162/669 [26:36<1:13:40,  8.72s/stk, CCJ]
Stocks:  24%|ΓûêΓûêΓûì       | 163/669 [27:11<1:24:03,  9.97s/stk, CEG]
Stocks:  25%|ΓûêΓûêΓûì       | 164/669 [27:31<1:27:48, 10.43s/stk, CCOI]
Stocks:  25%|ΓûêΓûêΓûì       | 167/669 [27:38<1:18:41,  9.41s/stk, CELH]
Stocks:  25%|ΓûêΓûêΓûî       | 168/669 [27:39<1:15:19,  9.02s/stk, CENX]
Stocks:  25%|ΓûêΓûêΓûî       | 169/669 [27:40<1:12:26,  8.69s/stk, CERT]
Stocks:  25%|ΓûêΓûêΓûî       | 170/669 [27:47<1:11:33,  8.60s/stk, CFG] 
Stocks:  26%|ΓûêΓûêΓûî       | 172/669 [28:34<1:21:45,  9.87s/stk, CHEF]
Stocks:  26%|ΓûêΓûêΓûî       | 173/669 [28:38<1:19:37,  9.63s/stk, CHWY]
Stocks:  26%|ΓûêΓûêΓûî       | 174/669 [28:42<1:17:20,  9.37s/stk, CHPT]
Stocks:  26%|ΓûêΓûêΓûî       | 175/669 [28:46<1:15:23,  9.16s/stk, CHRW]
Stocks:  26%|ΓûêΓûêΓûï       | 176/669 [28:56<1:15:32,  9.19s/stk, CLSK]
Stocks:  26%|ΓûêΓûêΓûï       | 177/669 [28:57<1:12:17,  8.82s/stk, CINF]
Stocks:  27%|ΓûêΓûêΓûï       | 178/669 [28:57<1:09:07,  8.45s/stk, CLS] 
Stocks:  27%|ΓûêΓûêΓûï       | 179/669 [29:11<1:10:53,  8.68s/stk, CLX]
Stocks:  27%|ΓûêΓûêΓûï       | 180/669 [29:56<1:23:49, 10.28s/stk, CME]
Stocks:  27%|ΓûêΓûêΓûï       | 181/669 [29:59<1:21:14,  9.99s/stk, CMG]
Stocks:  27%|ΓûêΓûêΓûï       | 183/669 [30:02<1:15:02,  9.26s/stk, CMCSA]
Stocks:  28%|ΓûêΓûêΓûè       | 184/669 [30:06<1:12:42,  8.99s/stk, COCO] 
Stocks:  28%|ΓûêΓûêΓûè       | 185/669 [30:09<1:10:42,  8.77s/stk, CNR] 
Stocks:  28%|ΓûêΓûêΓûè       | 186/669 [30:11<1:08:07,  8.46s/stk, CNMD]
Stocks:  28%|ΓûêΓûêΓûè       | 187/669 [30:14<1:06:00,  8.22s/stk, CNP] 
Stocks:  28%|ΓûêΓûêΓûè       | 188/669 [30:39<1:11:42,  8.95s/stk, CORZ]
Stocks:  28%|ΓûêΓûêΓûè       | 189/669 [31:06<1:18:13,  9.78s/stk, COIN]
Stocks:  28%|ΓûêΓûêΓûè       | 190/669 [31:10<1:16:03,  9.53s/stk, COMP]
Stocks:  29%|ΓûêΓûêΓûè       | 191/669 [31:14<1:13:53,  9.28s/stk, COF] 
Stocks:  29%|ΓûêΓûêΓûè       | 192/669 [31:22<1:12:57,  9.18s/stk, COHU]
Stocks:  29%|ΓûêΓûêΓûë       | 193/669 [31:24<1:10:29,  8.89s/stk, COHR]
Stocks:  29%|ΓûêΓûêΓûë       | 194/669 [31:27<1:08:06,  8.60s/stk, CORT]
Stocks:  29%|ΓûêΓûêΓûë       | 195/669 [31:34<1:07:12,  8.51s/stk, CRCL]
Stocks:  29%|ΓûêΓûêΓûë       | 197/669 [32:06<1:12:12,  9.18s/stk, COST]
Stocks:  30%|ΓûêΓûêΓûë       | 198/669 [32:19<1:13:21,  9.34s/stk, CRDO]
Stocks:  30%|ΓûêΓûêΓûë       | 199/669 [32:29<1:13:35,  9.40s/stk, CRGY]
Stocks:  30%|ΓûêΓûêΓûê       | 201/669 [32:31<1:07:27,  8.65s/stk, CPRX]
Stocks:  30%|ΓûêΓûêΓûê       | 202/669 [32:33<1:05:16,  8.39s/stk, CPT] 
Stocks:  30%|ΓûêΓûêΓûê       | 203/669 [32:34<1:02:34,  8.06s/stk, CPB]
Stocks:  30%|ΓûêΓûêΓûê       | 204/669 [32:44<1:03:10,  8.15s/stk, CRWV]
Stocks:  31%|ΓûêΓûêΓûê       | 205/669 [32:51<1:02:40,  8.10s/stk, CRI] 
Stocks:  31%|ΓûêΓûêΓûê       | 206/669 [33:27<1:11:57,  9.32s/stk, CRML]
Stocks:  31%|ΓûêΓûêΓûê       | 207/669 [33:33<1:10:43,  9.19s/stk, CRK] 
Stocks:  31%|ΓûêΓûêΓûê       | 208/669 [33:39<1:09:20,  9.03s/stk, CRM]
Stocks:  31%|ΓûêΓûêΓûêΓûÅ      | 210/669 [33:48<1:06:04,  8.64s/stk, CRWD]
Stocks:  32%|ΓûêΓûêΓûêΓûÅ      | 211/669 [33:57<1:06:13,  8.68s/stk, CSCO]
Stocks:  32%|ΓûêΓûêΓûêΓûÅ      | 212/669 [34:01<1:04:23,  8.45s/stk, CSGS]
Stocks:  32%|ΓûêΓûêΓûêΓûÅ      | 213/669 [34:24<1:09:00,  9.08s/stk, CSX] 
Stocks:  32%|ΓûêΓûêΓûêΓûÅ      | 214/669 [34:44<1:12:31,  9.56s/stk, CTVA]
Stocks:  32%|ΓûêΓûêΓûêΓûÅ      | 215/669 [34:56<1:13:15,  9.68s/stk, CTRA]
Stocks:  32%|ΓûêΓûêΓûêΓûÅ      | 216/669 [34:56<1:09:57,  9.27s/stk, CVE] 
Stocks:  32%|ΓûêΓûêΓûêΓûÅ      | 217/669 [34:57<1:06:50,  8.87s/stk, CVLT]
Stocks:  33%|ΓûêΓûêΓûêΓûÄ      | 218/669 [35:03<1:05:55,  8.77s/stk, CVNA]
Stocks:  33%|ΓûêΓûêΓûêΓûÄ      | 219/669 [35:26<1:10:38,  9.42s/stk, CVS] 
Stocks:  33%|ΓûêΓûêΓûêΓûÄ      | 220/669 [35:28<1:07:57,  9.08s/stk, CVX]
Stocks:  33%|ΓûêΓûêΓûêΓûÄ      | 221/669 [35:43<1:09:35,  9.32s/stk, CZR]
Stocks:  33%|ΓûêΓûêΓûêΓûÄ      | 222/669 [35:59<1:11:59,  9.66s/stk, DAL]
Stocks:  33%|ΓûêΓûêΓûêΓûÄ      | 223/669 [36:05<1:10:33,  9.49s/stk, DASH]
Stocks:  34%|ΓûêΓûêΓûêΓûÄ      | 225/669 [36:18<1:08:16,  9.23s/stk, DD]  
Stocks:  34%|ΓûêΓûêΓûêΓûì      | 226/669 [36:30<1:08:57,  9.34s/stk, DE]
Stocks:  34%|ΓûêΓûêΓûêΓûì      | 227/669 [36:39<1:08:29,  9.30s/stk, DELL]
Stocks:  34%|ΓûêΓûêΓûêΓûì      | 228/669 [36:49<1:08:50,  9.37s/stk, DECK]
Stocks:  34%|ΓûêΓûêΓûêΓûì      | 229/669 [37:02<1:09:55,  9.53s/stk, DG]  
Stocks:  34%|ΓûêΓûêΓûêΓûì      | 230/669 [37:20<1:12:27,  9.90s/stk, DHI]
Stocks:  35%|ΓûêΓûêΓûêΓûì      | 231/669 [37:29<1:11:59,  9.86s/stk, DJT]
Stocks:  35%|ΓûêΓûêΓûêΓûì      | 232/669 [37:30<1:08:43,  9.44s/stk, DINO]
Stocks:  35%|ΓûêΓûêΓûêΓûì      | 233/669 [37:36<1:07:22,  9.27s/stk, DHR] 
Stocks:  35%|ΓûêΓûêΓûêΓûì      | 234/669 [37:45<1:07:09,  9.26s/stk, DIS]
Stocks:  35%|ΓûêΓûêΓûêΓûî      | 235/669 [37:46<1:04:30,  8.92s/stk, DKNG]
Stocks:  35%|ΓûêΓûêΓûêΓûî      | 236/669 [38:14<1:10:44,  9.80s/stk, DLR] 
Stocks:  35%|ΓûêΓûêΓûêΓûî      | 237/669 [38:15<1:07:22,  9.36s/stk, DRAM]
Stocks:  36%|ΓûêΓûêΓûêΓûî      | 238/669 [38:31<1:09:43,  9.71s/stk, DOCS]
Stocks:  36%|ΓûêΓûêΓûêΓûî      | 240/669 [38:39<1:05:28,  9.16s/stk, DNN] 
Stocks:  36%|ΓûêΓûêΓûêΓûî      | 241/669 [38:41<1:03:07,  8.85s/stk, DOCU]
Stocks:  36%|ΓûêΓûêΓûêΓûî      | 242/669 [38:53<1:04:02,  9.00s/stk, DOW] 
Stocks:  36%|ΓûêΓûêΓûêΓûï      | 243/669 [39:03<1:04:13,  9.05s/stk, DOV]
Stocks:  36%|ΓûêΓûêΓûêΓûï      | 244/669 [39:04<1:01:17,  8.65s/stk, DPZ]
Stocks:  37%|ΓûêΓûêΓûêΓûï      | 245/669 [39:15<1:01:52,  8.76s/stk, DXYZ]
Stocks:  37%|ΓûêΓûêΓûêΓûï      | 246/669 [39:32<1:04:28,  9.15s/stk, DUOL]
Stocks:  37%|ΓûêΓûêΓûêΓûï      | 247/669 [39:34<1:02:00,  8.82s/stk, DV]  
Stocks:  37%|ΓûêΓûêΓûêΓûï      | 248/669 [39:40<1:01:05,  8.71s/stk, DUK]
Stocks:  37%|ΓûêΓûêΓûêΓûï      | 249/669 [39:58<1:03:49,  9.12s/stk, DXCM]
Stocks:  37%|ΓûêΓûêΓûêΓûï      | 250/669 [39:58<1:00:53,  8.72s/stk, DVN] 
Stocks:  38%|ΓûêΓûêΓûêΓûè      | 251/669 [40:27<1:07:07,  9.64s/stk, EAT]
Stocks:  38%|ΓûêΓûêΓûêΓûè      | 252/669 [40:32<1:05:26,  9.42s/stk, EA] 
Stocks:  38%|ΓûêΓûêΓûêΓûè      | 253/669 [40:35<1:03:13,  9.12s/stk, EBAY]
Stocks:  38%|ΓûêΓûêΓûêΓûè      | 254/669 [41:05<1:10:00, 10.12s/stk, ECL] 
Stocks:  38%|ΓûêΓûêΓûêΓûè      | 256/669 [41:08<1:04:13,  9.33s/stk, EL] 
Stocks:  38%|ΓûêΓûêΓûêΓûè      | 257/669 [41:11<1:02:01,  9.03s/stk, ELF]
Stocks:  39%|ΓûêΓûêΓûêΓûè      | 258/669 [41:21<1:02:13,  9.08s/stk, EMR]
Stocks:  39%|ΓûêΓûêΓûêΓûè      | 259/669 [41:37<1:04:23,  9.42s/stk, ENA.V]
Stocks:  39%|ΓûêΓûêΓûêΓûë      | 260/669 [41:39<1:01:41,  9.05s/stk, ENVX] 
Stocks:  39%|ΓûêΓûêΓûêΓûë      | 261/669 [41:53<1:03:19,  9.31s/stk, ENPH]
Stocks:  39%|ΓûêΓûêΓûêΓûë      | 262/669 [42:13<1:06:34,  9.82s/stk, EOSE]
Stocks:  39%|ΓûêΓûêΓûêΓûë      | 263/669 [42:32<1:09:07, 10.22s/stk, EOG] 
Stocks:  39%|ΓûêΓûêΓûêΓûë      | 264/669 [42:35<1:06:42,  9.88s/stk, EQT]
Stocks:  40%|ΓûêΓûêΓûêΓûë      | 266/669 [42:44<1:03:06,  9.40s/stk, ETN]
Stocks:  40%|ΓûêΓûêΓûêΓûë      | 267/669 [42:49<1:01:48,  9.22s/stk, ETSY]
Stocks:  40%|ΓûêΓûêΓûêΓûê      | 268/669 [42:53<1:00:01,  8.98s/stk, EW]  
Stocks:  40%|ΓûêΓûêΓûêΓûê      | 269/669 [42:59<59:01,  8.85s/stk, FBTC]
Stocks:  40%|ΓûêΓûêΓûêΓûê      | 270/669 [43:18<1:01:43,  9.28s/stk, EWY]
Stocks:  41%|ΓûêΓûêΓûêΓûê      | 271/669 [43:40<1:05:25,  9.86s/stk, EXEL]
Stocks:  41%|ΓûêΓûêΓûêΓûê      | 272/669 [43:53<1:06:12, 10.01s/stk, EXPE]
Stocks:  41%|ΓûêΓûêΓûêΓûê      | 273/669 [44:03<1:06:14, 10.04s/stk, FCX] 
Stocks:  41%|ΓûêΓûêΓûêΓûê      | 275/669 [44:13<1:02:54,  9.58s/stk, FDX]
Stocks:  41%|ΓûêΓûêΓûêΓûêΓûÅ     | 276/669 [44:13<1:00:02,  9.17s/stk, FICO]
Stocks:  41%|ΓûêΓûêΓûêΓûêΓûÅ     | 277/669 [44:15<57:36,  8.82s/stk, FIS]   
Stocks:  42%|ΓûêΓûêΓûêΓûêΓûÅ     | 278/669 [44:17<55:41,  8.54s/stk, FRMI]
Stocks:  42%|ΓûêΓûêΓûêΓûêΓûÅ     | 279/669 [44:48<1:01:56,  9.53s/stk, FITB]
Stocks:  42%|ΓûêΓûêΓûêΓûêΓûÅ     | 280/669 [45:07<1:04:31,  9.95s/stk, FLG] 
Stocks:  42%|ΓûêΓûêΓûêΓûêΓûÅ     | 281/669 [45:18<1:04:57, 10.04s/stk, FN] 
Stocks:  42%|ΓûêΓûêΓûêΓûêΓûÅ     | 282/669 [45:21<1:02:26,  9.68s/stk, FMC]
Stocks:  42%|ΓûêΓûêΓûêΓûêΓûÅ     | 283/669 [45:22<59:41,  9.28s/stk, FOUR] 
Stocks:  42%|ΓûêΓûêΓûêΓûêΓûÅ     | 284/669 [45:25<57:44,  9.00s/stk, FORM]
Stocks:  43%|ΓûêΓûêΓûêΓûêΓûÄ     | 285/669 [45:27<55:28,  8.67s/stk, FRPT]
Stocks:  43%|ΓûêΓûêΓûêΓûêΓûÄ     | 286/669 [45:31<53:57,  8.45s/stk, FSLR]
Stocks:  43%|ΓûêΓûêΓûêΓûêΓûÄ     | 287/669 [46:10<1:02:52,  9.87s/stk, FTAI]
Stocks:  43%|ΓûêΓûêΓûêΓûêΓûÄ     | 288/669 [46:11<1:00:07,  9.47s/stk, GEHC]
Stocks:  43%|ΓûêΓûêΓûêΓûêΓûÄ     | 289/669 [46:28<1:02:07,  9.81s/stk, FTI] 
Stocks:  43%|ΓûêΓûêΓûêΓûêΓûÄ     | 290/669 [46:31<59:59,  9.50s/stk, FUBO] 
Stocks:  44%|ΓûêΓûêΓûêΓûêΓûÄ     | 292/669 [46:40<56:58,  9.07s/stk, GDDY]
Stocks:  44%|ΓûêΓûêΓûêΓûêΓûì     | 293/669 [46:43<55:05,  8.79s/stk, GD]  
Stocks:  44%|ΓûêΓûêΓûêΓûêΓûì     | 294/669 [46:48<53:45,  8.60s/stk, GE]
Stocks:  44%|ΓûêΓûêΓûêΓûêΓûì     | 295/669 [46:51<52:08,  8.37s/stk, GEV]
Stocks:  44%|ΓûêΓûêΓûêΓûêΓûì     | 296/669 [47:27<59:47,  9.62s/stk, GFS]
Stocks:  44%|ΓûêΓûêΓûêΓûêΓûì     | 297/669 [47:32<58:26,  9.43s/stk, GEO]
Stocks:  45%|ΓûêΓûêΓûêΓûêΓûì     | 298/669 [47:37<56:49,  9.19s/stk, GLXY]
Stocks:  45%|ΓûêΓûêΓûêΓûêΓûì     | 299/669 [47:39<54:40,  8.87s/stk, GEN] 
Stocks:  45%|ΓûêΓûêΓûêΓûêΓûì     | 300/669 [47:48<54:38,  8.89s/stk, GILD]
Stocks:  45%|ΓûêΓûêΓûêΓûêΓûì     | 301/669 [48:00<55:26,  9.04s/stk, GLNCY]
Stocks:  45%|ΓûêΓûêΓûêΓûêΓûî     | 302/669 [48:03<53:29,  8.75s/stk, GL]   
Stocks:  45%|ΓûêΓûêΓûêΓûêΓûî     | 303/669 [48:05<51:25,  8.43s/stk, GIS]
Stocks:  45%|ΓûêΓûêΓûêΓûêΓûî     | 304/669 [48:19<52:52,  8.69s/stk, GLW]
Stocks:  46%|ΓûêΓûêΓûêΓûêΓûî     | 305/669 [48:42<56:43,  9.35s/stk, GRAL]
Stocks:  46%|ΓûêΓûêΓûêΓûêΓûî     | 306/669 [48:50<56:20,  9.31s/stk, GM]  
Stocks:  46%|ΓûêΓûêΓûêΓûêΓûî     | 307/669 [48:57<55:29,  9.20s/stk, GNRC]
Stocks:  46%|ΓûêΓûêΓûêΓûêΓûî     | 309/669 [49:03<51:51,  8.64s/stk, GOOG]
Stocks:  46%|ΓûêΓûêΓûêΓûêΓûï     | 310/669 [49:12<51:47,  8.66s/stk, GRAB]
Stocks:  46%|ΓûêΓûêΓûêΓûêΓûï     | 311/669 [49:13<49:33,  8.31s/stk, GOOGL]
Stocks:  47%|ΓûêΓûêΓûêΓûêΓûï     | 312/669 [49:17<48:10,  8.10s/stk, GPN]  
Stocks:  47%|ΓûêΓûêΓûêΓûêΓûï     | 313/669 [49:56<56:24,  9.51s/stk, GTLB]
Stocks:  47%|ΓûêΓûêΓûêΓûêΓûï     | 314/669 [50:00<54:56,  9.29s/stk, GTBIF]
Stocks:  47%|ΓûêΓûêΓûêΓûêΓûï     | 315/669 [50:05<53:33,  9.08s/stk, GS]   
Stocks:  47%|ΓûêΓûêΓûêΓûêΓûï     | 316/669 [50:09<51:58,  8.83s/stk, HNGE]
Stocks:  47%|ΓûêΓûêΓûêΓûêΓûï     | 317/669 [50:25<53:40,  9.15s/stk, HAS] 
Stocks:  48%|ΓûêΓûêΓûêΓûêΓûè     | 319/669 [50:28<49:28,  8.48s/stk, HCA]
Stocks:  48%|ΓûêΓûêΓûêΓûêΓûè     | 320/669 [50:31<47:57,  8.24s/stk, HBM]
Stocks:  48%|ΓûêΓûêΓûêΓûêΓûè     | 321/669 [50:36<46:51,  8.08s/stk, HD] 
Stocks:  48%|ΓûêΓûêΓûêΓûêΓûè     | 322/669 [51:07<52:42,  9.11s/stk, HOOD]
Stocks:  48%|ΓûêΓûêΓûêΓûêΓûè     | 323/669 [51:13<51:45,  8.97s/stk, HIMS]
Stocks:  48%|ΓûêΓûêΓûêΓûêΓûè     | 324/669 [51:35<55:10,  9.59s/stk, HPE] 
Stocks:  49%|ΓûêΓûêΓûêΓûêΓûè     | 326/669 [51:47<52:52,  9.25s/stk, HUT]
Stocks:  49%|ΓûêΓûêΓûêΓûêΓûë     | 327/669 [51:51<51:31,  9.04s/stk, HSY]
Stocks:  49%|ΓûêΓûêΓûêΓûêΓûë     | 328/669 [51:57<50:28,  8.88s/stk, HPQ]
Stocks:  49%|ΓûêΓûêΓûêΓûêΓûë     | 329/669 [51:59<48:33,  8.57s/stk, HUM]
Stocks:  49%|ΓûêΓûêΓûêΓûêΓûë     | 330/669 [52:18<51:11,  9.06s/stk, HWM]
Stocks:  49%|ΓûêΓûêΓûêΓûêΓûë     | 331/669 [52:37<53:29,  9.50s/stk, IAU]
Stocks:  50%|ΓûêΓûêΓûêΓûêΓûë     | 332/669 [52:46<53:17,  9.49s/stk, IHS]
Stocks:  50%|ΓûêΓûêΓûêΓûêΓûë     | 333/669 [52:51<52:01,  9.29s/stk, IBKR]
Stocks:  50%|ΓûêΓûêΓûêΓûêΓûë     | 334/669 [53:04<52:42,  9.44s/stk, IBN] 
Stocks:  50%|ΓûêΓûêΓûêΓûêΓûê     | 335/669 [53:09<51:33,  9.26s/stk, IBM]
Stocks:  50%|ΓûêΓûêΓûêΓûêΓûê     | 336/669 [53:23<52:34,  9.47s/stk, ILMN]
Stocks:  50%|ΓûêΓûêΓûêΓûêΓûê     | 337/669 [53:25<50:29,  9.13s/stk, INCY]
Stocks:  51%|ΓûêΓûêΓûêΓûêΓûê     | 338/669 [53:42<52:13,  9.47s/stk, INTC]
Stocks:  51%|ΓûêΓûêΓûêΓûêΓûê     | 339/669 [53:43<49:56,  9.08s/stk, IOT] 
Stocks:  51%|ΓûêΓûêΓûêΓûêΓûê     | 340/669 [53:50<49:16,  8.99s/stk, IONQ]
Stocks:  51%|ΓûêΓûêΓûêΓûêΓûê     | 341/669 [54:04<50:27,  9.23s/stk, INTU]
Stocks:  51%|ΓûêΓûêΓûêΓûêΓûê     | 342/669 [54:30<54:29, 10.00s/stk, IPGP]
Stocks:  51%|ΓûêΓûêΓûêΓûêΓûêΓûÅ    | 343/669 [54:32<52:24,  9.65s/stk, IP]  
Stocks:  51%|ΓûêΓûêΓûêΓûêΓûêΓûÅ    | 344/669 [54:36<50:52,  9.39s/stk, IREN]
Stocks:  52%|ΓûêΓûêΓûêΓûêΓûêΓûÅ    | 345/669 [54:42<49:40,  9.20s/stk, IR]  
Stocks:  52%|ΓûêΓûêΓûêΓûêΓûêΓûÅ    | 347/669 [54:59<49:02,  9.14s/stk, IRM]
Stocks:  52%|ΓûêΓûêΓûêΓûêΓûêΓûÅ    | 348/669 [55:04<48:00,  8.97s/stk, ISRG]
Stocks:  52%|ΓûêΓûêΓûêΓûêΓûêΓûÅ    | 349/669 [55:15<48:22,  9.07s/stk, KEY] 
Stocks:  52%|ΓûêΓûêΓûêΓûêΓûêΓûÅ    | 350/669 [55:17<46:29,  8.74s/stk, JBGS]
Stocks:  52%|ΓûêΓûêΓûêΓûêΓûêΓûÅ    | 351/669 [55:47<51:24,  9.70s/stk, KGS] 
Stocks:  53%|ΓûêΓûêΓûêΓûêΓûêΓûÄ    | 352/669 [55:50<49:45,  9.42s/stk, JD] 
Stocks:  53%|ΓûêΓûêΓûêΓûêΓûêΓûÄ    | 353/669 [55:56<48:36,  9.23s/stk, JCI]
Stocks:  53%|ΓûêΓûêΓûêΓûêΓûêΓûÄ    | 354/669 [55:56<46:19,  8.82s/stk, JBHT]
Stocks:  53%|ΓûêΓûêΓûêΓûêΓûêΓûÄ    | 355/669 [56:07<46:42,  8.93s/stk, JPM] 
Stocks:  53%|ΓûêΓûêΓûêΓûêΓûêΓûÄ    | 356/669 [56:09<44:44,  8.58s/stk, JNJ]
Stocks:  53%|ΓûêΓûêΓûêΓûêΓûêΓûÄ    | 357/669 [56:14<43:50,  8.43s/stk, KEYS]
Stocks:  54%|ΓûêΓûêΓûêΓûêΓûêΓûÄ    | 358/669 [56:34<46:24,  8.95s/stk, KHC] 
Stocks:  54%|ΓûêΓûêΓûêΓûêΓûêΓûÄ    | 359/669 [57:00<50:23,  9.75s/stk, KIGRY]
Stocks:  54%|ΓûêΓûêΓûêΓûêΓûêΓûì    | 360/669 [57:04<48:59,  9.51s/stk, KKR]  
Stocks:  54%|ΓûêΓûêΓûêΓûêΓûêΓûì    | 361/669 [57:14<48:53,  9.52s/stk, KMI]
Stocks:  54%|ΓûêΓûêΓûêΓûêΓûêΓûì    | 362/669 [57:15<46:30,  9.09s/stk, KLAC]
Stocks:  54%|ΓûêΓûêΓûêΓûêΓûêΓûì    | 363/669 [57:24<46:27,  9.11s/stk, KRYS]
Stocks:  54%|ΓûêΓûêΓûêΓûêΓûêΓûì    | 364/669 [57:39<47:44,  9.39s/stk, KVUE]
Stocks:  55%|ΓûêΓûêΓûêΓûêΓûêΓûì    | 367/669 [57:58<45:13,  8.98s/stk, KSS] 
Stocks:  55%|ΓûêΓûêΓûêΓûêΓûêΓûî    | 368/669 [58:21<48:06,  9.59s/stk, KTOS]
Stocks:  55%|ΓûêΓûêΓûêΓûêΓûêΓûî    | 369/669 [58:28<47:31,  9.50s/stk, LDI] 
Stocks:  55%|ΓûêΓûêΓûêΓûêΓûêΓûî    | 370/669 [58:38<47:19,  9.50s/stk, LCII]
Stocks:  56%|ΓûêΓûêΓûêΓûêΓûêΓûî    | 372/669 [58:55<46:40,  9.43s/stk, LDOS]
Stocks:  56%|ΓûêΓûêΓûêΓûêΓûêΓûî    | 373/669 [59:07<47:05,  9.54s/stk, LEU] 
Stocks:  56%|ΓûêΓûêΓûêΓûêΓûêΓûî    | 374/669 [59:11<45:44,  9.30s/stk, LEN]
Stocks:  56%|ΓûêΓûêΓûêΓûêΓûêΓûî    | 375/669 [59:22<45:59,  9.39s/stk, LITE]
Stocks:  56%|ΓûêΓûêΓûêΓûêΓûêΓûî    | 376/669 [59:42<47:56,  9.82s/stk, LKQ] 
Stocks:  56%|ΓûêΓûêΓûêΓûêΓûêΓûï    | 377/669 [59:49<47:14,  9.71s/stk, LMND]
Stocks:  57%|ΓûêΓûêΓûêΓûêΓûêΓûï    | 378/669 [59:56<46:34,  9.60s/stk, LLY] 
Stocks:  57%|ΓûêΓûêΓûêΓûêΓûêΓûï    | 379/669 [1:00:12<47:39,  9.86s/stk, LMT]
Stocks:  57%|ΓûêΓûêΓûêΓûêΓûêΓûï    | 380/669 [1:00:16<46:23,  9.63s/stk, LNG]
Stocks:  57%|ΓûêΓûêΓûêΓûêΓûêΓûï    | 381/669 [1:00:38<48:51, 10.18s/stk, LOW]
Stocks:  57%|ΓûêΓûêΓûêΓûêΓûêΓûï    | 383/669 [1:00:51<46:59,  9.86s/stk, LUNR]
Stocks:  57%|ΓûêΓûêΓûêΓûêΓûêΓûï    | 384/669 [1:00:53<45:14,  9.53s/stk, LRCX]
Stocks:  58%|ΓûêΓûêΓûêΓûêΓûêΓûè    | 385/669 [1:00:58<44:10,  9.33s/stk, LULU]
Stocks:  58%|ΓûêΓûêΓûêΓûêΓûêΓûè    | 386/669 [1:01:11<44:35,  9.45s/stk, LUMN]
Stocks:  58%|ΓûêΓûêΓûêΓûêΓûêΓûè    | 387/669 [1:01:34<47:27, 10.10s/stk, LVS] 
Stocks:  58%|ΓûêΓûêΓûêΓûêΓûêΓûè    | 388/669 [1:01:43<46:53, 10.01s/stk, LUV]
Stocks:  58%|ΓûêΓûêΓûêΓûêΓûêΓûè    | 389/669 [1:01:53<46:54, 10.05s/stk, LYFT]
Stocks:  58%|ΓûêΓûêΓûêΓûêΓûêΓûè    | 390/669 [1:01:55<45:00,  9.68s/stk, LW]  
Stocks:  58%|ΓûêΓûêΓûêΓûêΓûêΓûè    | 391/669 [1:02:06<45:02,  9.72s/stk, LYV]
Stocks:  59%|ΓûêΓûêΓûêΓûêΓûêΓûè    | 392/669 [1:02:12<44:07,  9.56s/stk, MA] 
Stocks:  59%|ΓûêΓûêΓûêΓûêΓûêΓûè    | 393/669 [1:02:20<43:40,  9.49s/stk, MAGN]
Stocks:  59%|ΓûêΓûêΓûêΓûêΓûêΓûë    | 394/669 [1:02:29<43:20,  9.46s/stk, MAR] 
Stocks:  59%|ΓûêΓûêΓûêΓûêΓûêΓûë    | 395/669 [1:02:50<45:39, 10.00s/stk, MARA]
Stocks:  59%|ΓûêΓûêΓûêΓûêΓûêΓûë    | 396/669 [1:03:16<48:46, 10.72s/stk, MAS] 
Stocks:  59%|ΓûêΓûêΓûêΓûêΓûêΓûë    | 397/669 [1:03:21<47:24, 10.46s/stk, MDB]
Stocks:  59%|ΓûêΓûêΓûêΓûêΓûêΓûë    | 398/669 [1:03:23<45:32, 10.08s/stk, MCHP]
Stocks:  60%|ΓûêΓûêΓûêΓûêΓûêΓûë    | 399/669 [1:03:26<43:54,  9.76s/stk, MCD] 
Stocks:  60%|ΓûêΓûêΓûêΓûêΓûêΓûë    | 400/669 [1:03:34<43:13,  9.64s/stk, MDLZ]
Stocks:  60%|ΓûêΓûêΓûêΓûêΓûêΓûë    | 401/669 [1:03:42<42:43,  9.57s/stk, MDT] 
Stocks:  60%|ΓûêΓûêΓûêΓûêΓûêΓûê    | 402/669 [1:03:43<40:52,  9.19s/stk, MELI]
Stocks:  60%|ΓûêΓûêΓûêΓûêΓûêΓûê    | 403/669 [1:04:02<42:49,  9.66s/stk, META]
Stocks:  60%|ΓûêΓûêΓûêΓûêΓûêΓûê    | 404/669 [1:04:34<47:18, 10.71s/stk, METC]
Stocks:  61%|ΓûêΓûêΓûêΓûêΓûêΓûê    | 405/669 [1:04:41<46:25, 10.55s/stk, MNDY]
Stocks:  61%|ΓûêΓûêΓûêΓûêΓûêΓûê    | 406/669 [1:04:42<44:05, 10.06s/stk, MGM] 
Stocks:  61%|ΓûêΓûêΓûêΓûêΓûêΓûê    | 407/669 [1:04:47<42:55,  9.83s/stk, MKTX]
Stocks:  61%|ΓûêΓûêΓûêΓûêΓûêΓûê    | 409/669 [1:05:01<41:29,  9.57s/stk, MMM] 
Stocks:  61%|ΓûêΓûêΓûêΓûêΓûêΓûêΓûÅ   | 410/669 [1:05:04<39:59,  9.26s/stk, MO] 
Stocks:  61%|ΓûêΓûêΓûêΓûêΓûêΓûêΓûÅ   | 411/669 [1:05:17<40:40,  9.46s/stk, MOH]
Stocks:  62%|ΓûêΓûêΓûêΓûêΓûêΓûêΓûÅ   | 412/669 [1:05:49<44:59, 10.51s/stk, MP] 
Stocks:  62%|ΓûêΓûêΓûêΓûêΓûêΓûêΓûÅ   | 413/669 [1:06:00<44:48, 10.50s/stk, MPC]
Stocks:  62%|ΓûêΓûêΓûêΓûêΓûêΓûêΓûÅ   | 414/669 [1:06:02<42:56, 10.10s/stk, MOS]
Stocks:  62%|ΓûêΓûêΓûêΓûêΓûêΓûêΓûÅ   | 415/669 [1:06:06<41:41,  9.85s/stk, MPLX]
Stocks:  62%|ΓûêΓûêΓûêΓûêΓûêΓûêΓûÅ   | 416/669 [1:06:07<39:45,  9.43s/stk, MPWR]
Stocks:  62%|ΓûêΓûêΓûêΓûêΓûêΓûêΓûÅ   | 417/669 [1:06:13<38:46,  9.23s/stk, MRNA]
Stocks:  62%|ΓûêΓûêΓûêΓûêΓûêΓûêΓûÅ   | 418/669 [1:06:29<40:05,  9.58s/stk, MRK] 
Stocks:  63%|ΓûêΓûêΓûêΓûêΓûêΓûêΓûÄ   | 419/669 [1:06:32<38:38,  9.27s/stk, MRVL]
Stocks:  63%|ΓûêΓûêΓûêΓûêΓûêΓûêΓûÄ   | 420/669 [1:07:10<44:04, 10.62s/stk, MS]  
Stocks:  63%|ΓûêΓûêΓûêΓûêΓûêΓûêΓûÄ   | 421/669 [1:07:13<42:22, 10.25s/stk, MSCI]
Stocks:  63%|ΓûêΓûêΓûêΓûêΓûêΓûêΓûÄ   | 422/669 [1:07:28<43:10, 10.49s/stk, MSFT]
Stocks:  63%|ΓûêΓûêΓûêΓûêΓûêΓûêΓûÄ   | 423/669 [1:07:30<41:22, 10.09s/stk, MSTR]
Stocks:  63%|ΓûêΓûêΓûêΓûêΓûêΓûêΓûÄ   | 424/669 [1:07:32<39:39,  9.71s/stk, MTB] 
Stocks:  64%|ΓûêΓûêΓûêΓûêΓûêΓûêΓûÄ   | 425/669 [1:07:35<38:10,  9.39s/stk, MSI]
Stocks:  64%|ΓûêΓûêΓûêΓûêΓûêΓûêΓûÄ   | 426/669 [1:07:49<38:47,  9.58s/stk, NBIS]
Stocks:  64%|ΓûêΓûêΓûêΓûêΓûêΓûêΓûì   | 427/669 [1:07:52<37:26,  9.28s/stk, MTCH]
Stocks:  64%|ΓûêΓûêΓûêΓûêΓûêΓûêΓûì   | 428/669 [1:07:56<36:10,  9.00s/stk, MTZ] 
Stocks:  64%|ΓûêΓûêΓûêΓûêΓûêΓûêΓûì   | 429/669 [1:08:37<42:12, 10.55s/stk, MU] 
Stocks:  64%|ΓûêΓûêΓûêΓûêΓûêΓûêΓûì   | 430/669 [1:08:40<40:41, 10.22s/stk, MUR]
Stocks:  64%|ΓûêΓûêΓûêΓûêΓûêΓûêΓûì   | 431/669 [1:08:44<39:15,  9.90s/stk, MVST]
Stocks:  65%|ΓûêΓûêΓûêΓûêΓûêΓûêΓûì   | 432/669 [1:08:47<37:52,  9.59s/stk, NCLH]
Stocks:  65%|ΓûêΓûêΓûêΓûêΓûêΓûêΓûì   | 433/669 [1:08:55<37:15,  9.47s/stk, NDAQ]
Stocks:  65%|ΓûêΓûêΓûêΓûêΓûêΓûêΓûì   | 434/669 [1:09:11<38:26,  9.81s/stk, NEO] 
Stocks:  65%|ΓûêΓûêΓûêΓûêΓûêΓûêΓûî   | 435/669 [1:09:17<37:26,  9.60s/stk, NDSN]
Stocks:  65%|ΓûêΓûêΓûêΓûêΓûêΓûêΓûî   | 436/669 [1:09:19<35:56,  9.25s/stk, NNE] 
Stocks:  65%|ΓûêΓûêΓûêΓûêΓûêΓûêΓûî   | 437/669 [1:09:25<35:11,  9.10s/stk, NEE]
Stocks:  65%|ΓûêΓûêΓûêΓûêΓûêΓûêΓûî   | 438/669 [1:09:43<36:40,  9.53s/stk, NET]
Stocks:  66%|ΓûêΓûêΓûêΓûêΓûêΓûêΓûî   | 439/669 [1:09:55<37:03,  9.67s/stk, NFLX]
Stocks:  66%|ΓûêΓûêΓûêΓûêΓûêΓûêΓûî   | 440/669 [1:09:57<35:27,  9.29s/stk, NIO] 
Stocks:  66%|ΓûêΓûêΓûêΓûêΓûêΓûêΓûî   | 441/669 [1:10:10<35:50,  9.43s/stk, NKE]
Stocks:  66%|ΓûêΓûêΓûêΓûêΓûêΓûêΓûî   | 442/669 [1:10:36<38:52, 10.28s/stk, NOC]
Stocks:  66%|ΓûêΓûêΓûêΓûêΓûêΓûêΓûî   | 443/669 [1:10:39<37:24,  9.93s/stk, NOW]
Stocks:  66%|ΓûêΓûêΓûêΓûêΓûêΓûêΓûï   | 444/669 [1:10:42<35:52,  9.57s/stk, NOK]
Stocks:  67%|ΓûêΓûêΓûêΓûêΓûêΓûêΓûï   | 445/669 [1:10:48<35:07,  9.41s/stk, NRG]
Stocks:  67%|ΓûêΓûêΓûêΓûêΓûêΓûêΓûï   | 446/669 [1:10:54<34:11,  9.20s/stk, NU] 
Stocks:  67%|ΓûêΓûêΓûêΓûêΓûêΓûêΓûï   | 447/669 [1:11:03<34:04,  9.21s/stk, NSC]
Stocks:  67%|ΓûêΓûêΓûêΓûêΓûêΓûêΓûï   | 448/669 [1:11:12<33:54,  9.20s/stk, NTAP]
Stocks:  67%|ΓûêΓûêΓûêΓûêΓûêΓûêΓûï   | 449/669 [1:11:36<36:22,  9.92s/stk, NUE] 
Stocks:  67%|ΓûêΓûêΓûêΓûêΓûêΓûêΓûï   | 450/669 [1:11:39<34:59,  9.59s/stk, NVTS]
Stocks:  67%|ΓûêΓûêΓûêΓûêΓûêΓûêΓûï   | 451/669 [1:11:55<36:02,  9.92s/stk, NVDA]
Stocks:  68%|ΓûêΓûêΓûêΓûêΓûêΓûêΓûè   | 452/669 [1:12:03<35:30,  9.82s/stk, NVO] 
Stocks:  68%|ΓûêΓûêΓûêΓûêΓûêΓûêΓûè   | 453/669 [1:12:05<34:01,  9.45s/stk, NXPI]
Stocks:  68%|ΓûêΓûêΓûêΓûêΓûêΓûêΓûè   | 454/669 [1:12:09<32:45,  9.14s/stk, OKLO]
Stocks:  68%|ΓûêΓûêΓûêΓûêΓûêΓûêΓûè   | 455/669 [1:12:16<32:15,  9.05s/stk, O]   
Stocks:  68%|ΓûêΓûêΓûêΓûêΓûêΓûêΓûè   | 456/669 [1:12:22<31:38,  8.91s/stk, OKE]
Stocks:  68%|ΓûêΓûêΓûêΓûêΓûêΓûêΓûè   | 457/669 [1:12:50<34:49,  9.86s/stk, ONDS]
Stocks:  68%|ΓûêΓûêΓûêΓûêΓûêΓûêΓûè   | 458/669 [1:12:56<33:58,  9.66s/stk, ON]  
Stocks:  69%|ΓûêΓûêΓûêΓûêΓûêΓûêΓûè   | 459/669 [1:13:04<33:32,  9.58s/stk, ONTO]
Stocks:  69%|ΓûêΓûêΓûêΓûêΓûêΓûêΓûë   | 460/669 [1:13:16<33:44,  9.69s/stk, OPEN]
Stocks:  69%|ΓûêΓûêΓûêΓûêΓûêΓûêΓûë   | 461/669 [1:13:23<33:05,  9.54s/stk, OPCH]
Stocks:  69%|ΓûêΓûêΓûêΓûêΓûêΓûêΓûë   | 462/669 [1:13:23<31:24,  9.10s/stk, OSCR]
Stocks:  69%|ΓûêΓûêΓûêΓûêΓûêΓûêΓûë   | 463/669 [1:13:28<30:24,  8.86s/stk, ORCL]
Stocks:  69%|ΓûêΓûêΓûêΓûêΓûêΓûêΓûë   | 464/669 [1:13:39<30:43,  8.99s/stk, ORLY]
Stocks:  70%|ΓûêΓûêΓûêΓûêΓûêΓûêΓûë   | 465/669 [1:14:04<33:20,  9.81s/stk, PATH]
Stocks:  70%|ΓûêΓûêΓûêΓûêΓûêΓûêΓûë   | 466/669 [1:14:12<32:46,  9.69s/stk, PANW]
Stocks:  70%|ΓûêΓûêΓûêΓûêΓûêΓûêΓûë   | 467/669 [1:14:18<32:02,  9.52s/stk, OXY] 
Stocks:  70%|ΓûêΓûêΓûêΓûêΓûêΓûêΓûë   | 468/669 [1:14:34<32:58,  9.85s/stk, PCT]
Stocks:  70%|ΓûêΓûêΓûêΓûêΓûêΓûêΓûê   | 469/669 [1:14:41<32:15,  9.68s/stk, PAYX]
Stocks:  70%|ΓûêΓûêΓûêΓûêΓûêΓûêΓûê   | 470/669 [1:14:49<31:51,  9.61s/stk, PCG] 
Stocks:  70%|ΓûêΓûêΓûêΓûêΓûêΓûêΓûê   | 471/669 [1:14:50<30:19,  9.19s/stk, PCAR]
Stocks:  71%|ΓûêΓûêΓûêΓûêΓûêΓûêΓûê   | 472/669 [1:14:52<28:52,  8.80s/stk, PDD] 
Stocks:  71%|ΓûêΓûêΓûêΓûêΓûêΓûêΓûê   | 473/669 [1:14:58<28:19,  8.67s/stk, PDYN]
Stocks:  71%|ΓûêΓûêΓûêΓûêΓûêΓûêΓûê   | 474/669 [1:15:40<33:32, 10.32s/stk, PEP] 
Stocks:  71%|ΓûêΓûêΓûêΓûêΓûêΓûêΓûê   | 475/669 [1:15:48<33:02, 10.22s/stk, PFE]
Stocks:  71%|ΓûêΓûêΓûêΓûêΓûêΓûêΓûê   | 476/669 [1:15:58<32:52, 10.22s/stk, PG] 
Stocks:  71%|ΓûêΓûêΓûêΓûêΓûêΓûêΓûêΓûÅ  | 477/669 [1:16:02<31:41,  9.90s/stk, PINS]
Stocks:  71%|ΓûêΓûêΓûêΓûêΓûêΓûêΓûêΓûÅ  | 478/669 [1:16:05<30:29,  9.58s/stk, PH]  
Stocks:  72%|ΓûêΓûêΓûêΓûêΓûêΓûêΓûêΓûÅ  | 479/669 [1:16:08<29:14,  9.24s/stk, PHM]
Stocks:  72%|ΓûêΓûêΓûêΓûêΓûêΓûêΓûêΓûÅ  | 480/669 [1:16:08<27:41,  8.79s/stk, PIPR]
Stocks:  72%|ΓûêΓûêΓûêΓûêΓûêΓûêΓûêΓûÅ  | 481/669 [1:16:13<26:53,  8.58s/stk, POW] 
Stocks:  72%|ΓûêΓûêΓûêΓûêΓûêΓûêΓûêΓûÅ  | 483/669 [1:16:22<25:21,  8.18s/stk, PONY]
Stocks:  72%|ΓûêΓûêΓûêΓûêΓûêΓûêΓûêΓûÅ  | 484/669 [1:17:05<30:24,  9.86s/stk, PLAB]
Stocks:  72%|ΓûêΓûêΓûêΓûêΓûêΓûêΓûêΓûÅ  | 485/669 [1:17:06<28:53,  9.42s/stk, PLTR]
Stocks:  73%|ΓûêΓûêΓûêΓûêΓûêΓûêΓûêΓûÄ  | 486/669 [1:17:11<28:10,  9.24s/stk, PLD] 
Stocks:  73%|ΓûêΓûêΓûêΓûêΓûêΓûêΓûêΓûÄ  | 487/669 [1:17:23<28:18,  9.33s/stk, PLUG]
Stocks:  73%|ΓûêΓûêΓûêΓûêΓûêΓûêΓûêΓûÄ  | 488/669 [1:17:23<26:55,  8.92s/stk, PM]  
Stocks:  73%|ΓûêΓûêΓûêΓûêΓûêΓûêΓûêΓûÄ  | 489/669 [1:17:27<26:04,  8.69s/stk, PRU]
Stocks:  73%|ΓûêΓûêΓûêΓûêΓûêΓûêΓûêΓûÄ  | 490/669 [1:17:37<25:58,  8.71s/stk, POWL]
Stocks:  73%|ΓûêΓûêΓûêΓûêΓûêΓûêΓûêΓûÄ  | 491/669 [1:17:38<24:45,  8.35s/stk, PSKY]
Stocks:  74%|ΓûêΓûêΓûêΓûêΓûêΓûêΓûêΓûÄ  | 492/669 [1:18:16<28:53,  9.79s/stk, PTON]
Stocks:  74%|ΓûêΓûêΓûêΓûêΓûêΓûêΓûêΓûÄ  | 493/669 [1:18:21<28:01,  9.55s/stk, PSTG]
Stocks:  74%|ΓûêΓûêΓûêΓûêΓûêΓûêΓûêΓûì  | 494/669 [1:18:34<28:22,  9.73s/stk, PWR] 
Stocks:  74%|ΓûêΓûêΓûêΓûêΓûêΓûêΓûêΓûì  | 495/669 [1:18:40<27:41,  9.55s/stk, PYPL]
Stocks:  74%|ΓûêΓûêΓûêΓûêΓûêΓûêΓûêΓûì  | 496/669 [1:18:46<26:57,  9.35s/stk, QQQ] 
Stocks:  75%|ΓûêΓûêΓûêΓûêΓûêΓûêΓûêΓûì  | 499/669 [1:18:50<23:34,  8.32s/stk, QTWO]
Stocks:  75%|ΓûêΓûêΓûêΓûêΓûêΓûêΓûêΓûì  | 500/669 [1:18:58<23:23,  8.31s/stk, RBRK]
Stocks:  75%|ΓûêΓûêΓûêΓûêΓûêΓûêΓûêΓûì  | 501/669 [1:19:09<23:29,  8.39s/stk, RDDT]
Stocks:  75%|ΓûêΓûêΓûêΓûêΓûêΓûêΓûêΓûî  | 502/669 [1:19:33<25:18,  9.09s/stk, QUBT]
Stocks:  75%|ΓûêΓûêΓûêΓûêΓûêΓûêΓûêΓûî  | 503/669 [1:19:34<24:14,  8.76s/stk, RACE]
Stocks:  75%|ΓûêΓûêΓûêΓûêΓûêΓûêΓûêΓûî  | 504/669 [1:19:51<25:03,  9.11s/stk, RGTI]
Stocks:  75%|ΓûêΓûêΓûêΓûêΓûêΓûêΓûêΓûî  | 505/669 [1:20:00<24:55,  9.12s/stk, RCAT]
Stocks:  76%|ΓûêΓûêΓûêΓûêΓûêΓûêΓûêΓûî  | 506/669 [1:20:05<24:12,  8.91s/stk, RIVN]
Stocks:  76%|ΓûêΓûêΓûêΓûêΓûêΓûêΓûêΓûî  | 507/669 [1:20:05<23:01,  8.53s/stk, RCL] 
Stocks:  76%|ΓûêΓûêΓûêΓûêΓûêΓûêΓûêΓûî  | 508/669 [1:20:10<22:23,  8.34s/stk, REGN]
Stocks:  76%|ΓûêΓûêΓûêΓûêΓûêΓûêΓûêΓûî  | 509/669 [1:20:23<22:53,  8.58s/stk, RIO] 
Stocks:  76%|ΓûêΓûêΓûêΓûêΓûêΓûêΓûêΓûî  | 510/669 [1:20:37<23:22,  8.82s/stk, RKLB]
Stocks:  76%|ΓûêΓûêΓûêΓûêΓûêΓûêΓûêΓûï  | 511/669 [1:20:58<24:42,  9.39s/stk, RJF] 
Stocks:  77%|ΓûêΓûêΓûêΓûêΓûêΓûêΓûêΓûï  | 512/669 [1:21:00<23:40,  9.05s/stk, RKT]
Stocks:  77%|ΓûêΓûêΓûêΓûêΓûêΓûêΓûêΓûï  | 513/669 [1:21:05<23:05,  8.88s/stk, RR] 
Stocks:  77%|ΓûêΓûêΓûêΓûêΓûêΓûêΓûêΓûï  | 514/669 [1:21:15<23:01,  8.91s/stk, ROIV]
Stocks:  77%|ΓûêΓûêΓûêΓûêΓûêΓûêΓûêΓûï  | 515/669 [1:21:23<22:47,  8.88s/stk, RL]  
Stocks:  77%|ΓûêΓûêΓûêΓûêΓûêΓûêΓûêΓûï  | 516/669 [1:21:26<21:53,  8.59s/stk, ROK]
Stocks:  77%|ΓûêΓûêΓûêΓûêΓûêΓûêΓûêΓûï  | 517/669 [1:21:35<21:51,  8.63s/stk, ROL]
Stocks:  77%|ΓûêΓûêΓûêΓûêΓûêΓûêΓûêΓûï  | 518/669 [1:21:53<22:45,  9.04s/stk, ROST]
Stocks:  78%|ΓûêΓûêΓûêΓûêΓûêΓûêΓûêΓûè  | 519/669 [1:22:08<23:23,  9.36s/stk, RRR] 
Stocks:  78%|ΓûêΓûêΓûêΓûêΓûêΓûêΓûêΓûè  | 520/669 [1:22:15<22:57,  9.24s/stk, RYAN]
Stocks:  78%|ΓûêΓûêΓûêΓûêΓûêΓûêΓûêΓûè  | 521/669 [1:22:24<22:43,  9.22s/stk, RWT] 
Stocks:  78%|ΓûêΓûêΓûêΓûêΓûêΓûêΓûêΓûè  | 523/669 [1:22:27<20:41,  8.50s/stk, RTX]
Stocks:  78%|ΓûêΓûêΓûêΓûêΓûêΓûêΓûêΓûè  | 524/669 [1:22:41<21:10,  8.76s/stk, SERV]
Stocks:  78%|ΓûêΓûêΓûêΓûêΓûêΓûêΓûêΓûè  | 525/669 [1:22:45<20:28,  8.53s/stk, SANM]
Stocks:  79%|ΓûêΓûêΓûêΓûêΓûêΓûêΓûêΓûè  | 526/669 [1:22:53<20:19,  8.53s/stk, SEZL]
Stocks:  79%|ΓûêΓûêΓûêΓûêΓûêΓûêΓûêΓûë  | 527/669 [1:23:02<20:09,  8.51s/stk, SAP] 
Stocks:  79%|ΓûêΓûêΓûêΓûêΓûêΓûêΓûêΓûë  | 528/669 [1:23:22<21:21,  9.09s/stk, SBUX]
Stocks:  79%|ΓûêΓûêΓûêΓûêΓûêΓûêΓûêΓûë  | 529/669 [1:23:32<21:16,  9.12s/stk, SCHW]
Stocks:  79%|ΓûêΓûêΓûêΓûêΓûêΓûêΓûêΓûë  | 530/669 [1:23:41<21:03,  9.09s/stk, SHOP]
Stocks:  79%|ΓûêΓûêΓûêΓûêΓûêΓûêΓûêΓûë  | 531/669 [1:23:51<21:01,  9.14s/stk, SF]  
Stocks:  80%|ΓûêΓûêΓûêΓûêΓûêΓûêΓûêΓûë  | 532/669 [1:23:55<20:17,  8.89s/stk, SITM]
Stocks:  80%|ΓûêΓûêΓûêΓûêΓûêΓûêΓûêΓûë  | 533/669 [1:24:01<19:53,  8.77s/stk, SIMO]
Stocks:  80%|ΓûêΓûêΓûêΓûêΓûêΓûêΓûêΓûë  | 534/669 [1:24:15<20:17,  9.02s/stk, SNDK]
Stocks:  80%|ΓûêΓûêΓûêΓûêΓûêΓûêΓûêΓûë  | 535/669 [1:24:16<19:20,  8.66s/stk, SLB] 
Stocks:  80%|ΓûêΓûêΓûêΓûêΓûêΓûêΓûêΓûê  | 536/669 [1:24:30<19:44,  8.91s/stk, SLM]
Stocks:  80%|ΓûêΓûêΓûêΓûêΓûêΓûêΓûêΓûê  | 537/669 [1:24:43<20:00,  9.10s/stk, SMR]
Stocks:  80%|ΓûêΓûêΓûêΓûêΓûêΓûêΓûêΓûê  | 538/669 [1:24:47<19:16,  8.83s/stk, SM] 
Stocks:  81%|ΓûêΓûêΓûêΓûêΓûêΓûêΓûêΓûê  | 539/669 [1:24:48<18:19,  8.46s/stk, SMCI]
Stocks:  81%|ΓûêΓûêΓûêΓûêΓûêΓûêΓûêΓûê  | 540/669 [1:24:58<18:21,  8.54s/stk, SMH] 
Stocks:  81%|ΓûêΓûêΓûêΓûêΓûêΓûêΓûêΓûê  | 541/669 [1:25:04<17:57,  8.42s/stk, SNAP]
Stocks:  81%|ΓûêΓûêΓûêΓûêΓûêΓûêΓûêΓûê  | 542/669 [1:25:23<18:54,  8.93s/stk, SNOW]
Stocks:  81%|ΓûêΓûêΓûêΓûêΓûêΓûêΓûêΓûê  | 543/669 [1:25:38<19:20,  9.21s/stk, SOUN]
Stocks:  81%|ΓûêΓûêΓûêΓûêΓûêΓûêΓûêΓûêΓûÅ | 544/669 [1:25:40<18:32,  8.90s/stk, SNEX]
Stocks:  81%|ΓûêΓûêΓûêΓûêΓûêΓûêΓûêΓûêΓûÅ | 545/669 [1:25:53<18:47,  9.09s/stk, SOFI]
Stocks:  82%|ΓûêΓûêΓûêΓûêΓûêΓûêΓûêΓûêΓûÅ | 546/669 [1:26:00<18:22,  8.97s/stk, SO]  
Stocks:  82%|ΓûêΓûêΓûêΓûêΓûêΓûêΓûêΓûêΓûÅ | 547/669 [1:26:04<17:46,  8.74s/stk, SOXL]
Stocks:  82%|ΓûêΓûêΓûêΓûêΓûêΓûêΓûêΓûêΓûÅ | 548/669 [1:26:10<17:22,  8.62s/stk, SPCE]
Stocks:  82%|ΓûêΓûêΓûêΓûêΓûêΓûêΓûêΓûêΓûÅ | 549/669 [1:26:29<18:10,  9.09s/stk, SPGI]
Stocks:  82%|ΓûêΓûêΓûêΓûêΓûêΓûêΓûêΓûêΓûÅ | 550/669 [1:26:31<17:21,  8.75s/stk, SPHR]
Stocks:  82%|ΓûêΓûêΓûêΓûêΓûêΓûêΓûêΓûêΓûÅ | 551/669 [1:26:41<17:22,  8.84s/stk, SRTA]
Stocks:  83%|ΓûêΓûêΓûêΓûêΓûêΓûêΓûêΓûêΓûÄ | 552/669 [1:26:52<17:25,  8.94s/stk, SPOT]
Stocks:  83%|ΓûêΓûêΓûêΓûêΓûêΓûêΓûêΓûêΓûÄ | 553/669 [1:27:03<17:29,  9.05s/stk, SPY] 
Stocks:  83%|ΓûêΓûêΓûêΓûêΓûêΓûêΓûêΓûêΓûÄ | 554/669 [1:27:19<17:56,  9.36s/stk, STLA]
Stocks:  83%|ΓûêΓûêΓûêΓûêΓûêΓûêΓûêΓûêΓûÄ | 555/669 [1:27:24<17:23,  9.16s/stk, STLD]
Stocks:  83%|ΓûêΓûêΓûêΓûêΓûêΓûêΓûêΓûêΓûÄ | 556/669 [1:27:28<16:47,  8.92s/stk, STRA]
Stocks:  83%|ΓûêΓûêΓûêΓûêΓûêΓûêΓûêΓûêΓûÄ | 557/669 [1:27:48<17:36,  9.43s/stk, STX] 
Stocks:  83%|ΓûêΓûêΓûêΓûêΓûêΓûêΓûêΓûêΓûÄ | 558/669 [1:27:52<17:01,  9.20s/stk, STT]
Stocks:  84%|ΓûêΓûêΓûêΓûêΓûêΓûêΓûêΓûêΓûÄ | 559/669 [1:28:07<17:23,  9.48s/stk, STZ]
Stocks:  84%|ΓûêΓûêΓûêΓûêΓûêΓûêΓûêΓûêΓûÄ | 560/669 [1:28:21<17:36,  9.70s/stk, SWKS]
Stocks:  84%|ΓûêΓûêΓûêΓûêΓûêΓûêΓûêΓûêΓûì | 561/669 [1:28:23<16:44,  9.30s/stk, SYF] 
Stocks:  84%|ΓûêΓûêΓûêΓûêΓûêΓûêΓûêΓûêΓûì | 562/669 [1:28:26<16:04,  9.02s/stk, SYM]
Stocks:  84%|ΓûêΓûêΓûêΓûêΓûêΓûêΓûêΓûêΓûì | 563/669 [1:28:43<16:35,  9.39s/stk, TEM]
Stocks:  84%|ΓûêΓûêΓûêΓûêΓûêΓûêΓûêΓûêΓûì | 564/669 [1:28:49<16:08,  9.22s/stk, SYY]
Stocks:  84%|ΓûêΓûêΓûêΓûêΓûêΓûêΓûêΓûêΓûì | 565/669 [1:28:52<15:24,  8.89s/stk, T]  
Stocks:  85%|ΓûêΓûêΓûêΓûêΓûêΓûêΓûêΓûêΓûì | 566/669 [1:29:06<15:45,  9.18s/stk, TDG]
Stocks:  85%|ΓûêΓûêΓûêΓûêΓûêΓûêΓûêΓûêΓûì | 567/669 [1:29:09<15:02,  8.85s/stk, TAP]
Stocks:  85%|ΓûêΓûêΓûêΓûêΓûêΓûêΓûêΓûêΓûì | 568/669 [1:29:24<15:23,  9.14s/stk, TEAM]
Stocks:  85%|ΓûêΓûêΓûêΓûêΓûêΓûêΓûêΓûêΓûî | 569/669 [1:29:54<16:57, 10.18s/stk, TER] 
Stocks:  85%|ΓûêΓûêΓûêΓûêΓûêΓûêΓûêΓûêΓûî | 570/669 [1:29:55<16:05,  9.75s/stk, TFC]
Stocks:  85%|ΓûêΓûêΓûêΓûêΓûêΓûêΓûêΓûêΓûî | 571/669 [1:29:58<15:22,  9.41s/stk, TIGR]
Stocks:  86%|ΓûêΓûêΓûêΓûêΓûêΓûêΓûêΓûêΓûî | 572/669 [1:30:02<14:44,  9.12s/stk, TMC] 
Stocks:  86%|ΓûêΓûêΓûêΓûêΓûêΓûêΓûêΓûêΓûî | 573/669 [1:30:09<14:28,  9.05s/stk, TGT]
Stocks:  86%|ΓûêΓûêΓûêΓûêΓûêΓûêΓûêΓûêΓûî | 574/669 [1:30:10<13:42,  8.65s/stk, TJX]
Stocks:  86%|ΓûêΓûêΓûêΓûêΓûêΓûêΓûêΓûêΓûî | 575/669 [1:30:17<13:22,  8.54s/stk, TME]
Stocks:  86%|ΓûêΓûêΓûêΓûêΓûêΓûêΓûêΓûêΓûî | 576/669 [1:31:00<15:56, 10.28s/stk, TMO]
Stocks:  86%|ΓûêΓûêΓûêΓûêΓûêΓûêΓûêΓûêΓûî | 577/669 [1:31:15<16:07, 10.52s/stk, TMUS]
Stocks:  87%|ΓûêΓûêΓûêΓûêΓûêΓûêΓûêΓûêΓûï | 579/669 [1:31:17<14:23,  9.59s/stk, TPR] 
Stocks:  87%|ΓûêΓûêΓûêΓûêΓûêΓûêΓûêΓûêΓûï | 581/669 [1:31:28<13:31,  9.22s/stk, TRMB]
Stocks:  87%|ΓûêΓûêΓûêΓûêΓûêΓûêΓûêΓûêΓûï | 583/669 [1:31:33<12:24,  8.66s/stk, TSCO]
Stocks:  87%|ΓûêΓûêΓûêΓûêΓûêΓûêΓûêΓûêΓûï | 584/669 [1:32:31<15:18, 10.80s/stk, TTD] 
Stocks:  88%|ΓûêΓûêΓûêΓûêΓûêΓûêΓûêΓûêΓûè | 586/669 [1:32:37<14:00, 10.13s/stk, TSLA]
Stocks:  88%|ΓûêΓûêΓûêΓûêΓûêΓûêΓûêΓûêΓûè | 587/669 [1:32:39<13:23,  9.79s/stk, TSM] 
Stocks:  88%|ΓûêΓûêΓûêΓûêΓûêΓûêΓûêΓûêΓûè | 589/669 [1:32:43<12:12,  9.16s/stk, TTMI]
Stocks:  88%|ΓûêΓûêΓûêΓûêΓûêΓûêΓûêΓûêΓûè | 590/669 [1:32:45<11:40,  8.87s/stk, TWLO]
Stocks:  88%|ΓûêΓûêΓûêΓûêΓûêΓûêΓûêΓûêΓûè | 591/669 [1:32:47<11:10,  8.59s/stk, TTWO]
Stocks:  88%|ΓûêΓûêΓûêΓûêΓûêΓûêΓûêΓûêΓûè | 592/669 [1:33:53<14:07, 11.01s/stk, UAL] 
Stocks:  89%|ΓûêΓûêΓûêΓûêΓûêΓûêΓûêΓûêΓûè | 593/669 [1:33:54<13:23, 10.57s/stk, ULCC]
Stocks:  89%|ΓûêΓûêΓûêΓûêΓûêΓûêΓûêΓûêΓûë | 595/669 [1:33:55<12:00,  9.74s/stk, UFO] 
Stocks:  89%|ΓûêΓûêΓûêΓûêΓûêΓûêΓûêΓûêΓûë | 596/669 [1:33:57<11:27,  9.41s/stk, UEC]
Stocks:  89%|ΓûêΓûêΓûêΓûêΓûêΓûêΓûêΓûêΓûë | 598/669 [1:33:59<10:21,  8.75s/stk, UAMY]
Stocks:  90%|ΓûêΓûêΓûêΓûêΓûêΓûêΓûêΓûêΓûë | 599/669 [1:34:01<09:52,  8.46s/stk, UFPI]
Stocks:  90%|ΓûêΓûêΓûêΓûêΓûêΓûêΓûêΓûêΓûë | 600/669 [1:34:31<10:45,  9.36s/stk, USAR]
Stocks:  90%|ΓûêΓûêΓûêΓûêΓûêΓûêΓûêΓûêΓûë | 601/669 [1:35:12<12:06, 10.68s/stk, URA] 
Stocks:  90%|ΓûêΓûêΓûêΓûêΓûêΓûêΓûêΓûêΓûê | 603/669 [1:35:16<10:58,  9.97s/stk, UPS]
Stocks:  90%|ΓûêΓûêΓûêΓûêΓûêΓûêΓûêΓûêΓûê | 604/669 [1:35:20<10:33,  9.75s/stk, UNP]
Stocks:  90%|ΓûêΓûêΓûêΓûêΓûêΓûêΓûêΓûêΓûê | 605/669 [1:35:21<10:00,  9.38s/stk, UNM]
Stocks:  91%|ΓûêΓûêΓûêΓûêΓûêΓûêΓûêΓûêΓûê | 606/669 [1:35:22<09:27,  9.01s/stk, UNH]
Stocks:  91%|ΓûêΓûêΓûêΓûêΓûêΓûêΓûêΓûêΓûê | 607/669 [1:35:22<08:56,  8.66s/stk, URI]
Stocks:  91%|ΓûêΓûêΓûêΓûêΓûêΓûêΓûêΓûêΓûê | 608/669 [1:35:56<09:52,  9.72s/stk, USB]
Stocks:  91%|ΓûêΓûêΓûêΓûêΓûêΓûêΓûêΓûêΓûê | 609/669 [1:36:22<10:23, 10.39s/stk, VAL]
Stocks:  91%|ΓûêΓûêΓûêΓûêΓûêΓûêΓûêΓûêΓûê | 610/669 [1:36:25<09:55, 10.10s/stk, USFD]
Stocks:  91%|ΓûêΓûêΓûêΓûêΓûêΓûêΓûêΓûêΓûêΓûÅ| 611/669 [1:36:31<09:34,  9.91s/stk, V]   
Stocks:  91%|ΓûêΓûêΓûêΓûêΓûêΓûêΓûêΓûêΓûêΓûÅ| 612/669 [1:36:33<09:05,  9.57s/stk, UTHR]
Stocks:  92%|ΓûêΓûêΓûêΓûêΓûêΓûêΓûêΓûêΓûêΓûÅ| 613/669 [1:36:40<08:49,  9.45s/stk, VKTX]
Stocks:  92%|ΓûêΓûêΓûêΓûêΓûêΓûêΓûêΓûêΓûêΓûÅ| 614/669 [1:36:43<08:25,  9.18s/stk, VICR]
Stocks:  92%|ΓûêΓûêΓûêΓûêΓûêΓûêΓûêΓûêΓûêΓûÅ| 615/669 [1:36:46<08:01,  8.91s/stk, VFC] 
Stocks:  92%|ΓûêΓûêΓûêΓûêΓûêΓûêΓûêΓûêΓûêΓûÅ| 616/669 [1:37:22<08:56, 10.11s/stk, VLO]
Stocks:  92%|ΓûêΓûêΓûêΓûêΓûêΓûêΓûêΓûêΓûêΓûÅ| 617/669 [1:37:41<09:06, 10.52s/stk, VLY]
Stocks:  92%|ΓûêΓûêΓûêΓûêΓûêΓûêΓûêΓûêΓûêΓûÅ| 618/669 [1:37:51<08:54, 10.49s/stk, VNOM]
Stocks:  93%|ΓûêΓûêΓûêΓûêΓûêΓûêΓûêΓûêΓûêΓûÄ| 620/669 [1:37:54<07:55,  9.70s/stk, VNO] 
Stocks:  93%|ΓûêΓûêΓûêΓûêΓûêΓûêΓûêΓûêΓûêΓûÄ| 621/669 [1:37:57<07:32,  9.42s/stk, VOYA]
Stocks:  93%|ΓûêΓûêΓûêΓûêΓûêΓûêΓûêΓûêΓûêΓûÄ| 622/669 [1:38:01<07:12,  9.19s/stk, VRT] 
Stocks:  93%|ΓûêΓûêΓûêΓûêΓûêΓûêΓûêΓûêΓûêΓûÄ| 623/669 [1:38:03<06:46,  8.84s/stk, VRSK]
Stocks:  93%|ΓûêΓûêΓûêΓûêΓûêΓûêΓûêΓûêΓûêΓûÄ| 624/669 [1:38:47<07:49, 10.43s/stk, VRTX]
Stocks:  93%|ΓûêΓûêΓûêΓûêΓûêΓûêΓûêΓûêΓûêΓûÄ| 625/669 [1:38:54<07:31, 10.25s/stk, VST] 
Stocks:  94%|ΓûêΓûêΓûêΓûêΓûêΓûêΓûêΓûêΓûêΓûÄ| 626/669 [1:39:08<07:28, 10.44s/stk, VWDRY]
Stocks:  94%|ΓûêΓûêΓûêΓûêΓûêΓûêΓûêΓûêΓûêΓûÄ| 627/669 [1:39:12<07:04, 10.12s/stk, VTRS] 
Stocks:  94%|ΓûêΓûêΓûêΓûêΓûêΓûêΓûêΓûêΓûêΓûì| 629/669 [1:39:19<06:21,  9.55s/stk, W]   
Stocks:  94%|ΓûêΓûêΓûêΓûêΓûêΓûêΓûêΓûêΓûêΓûì| 630/669 [1:39:21<05:59,  9.22s/stk, WAL]
Stocks:  94%|ΓûêΓûêΓûêΓûêΓûêΓûêΓûêΓûêΓûêΓûì| 632/669 [1:40:06<06:22, 10.34s/stk, WBD]
Stocks:  95%|ΓûêΓûêΓûêΓûêΓûêΓûêΓûêΓûêΓûêΓûì| 633/669 [1:40:15<06:11, 10.31s/stk, WBS]
Stocks:  95%|ΓûêΓûêΓûêΓûêΓûêΓûêΓûêΓûêΓûêΓûì| 634/669 [1:40:23<05:57, 10.20s/stk, WCC]
Stocks:  95%|ΓûêΓûêΓûêΓûêΓûêΓûêΓûêΓûêΓûêΓûì| 635/669 [1:40:24<05:32,  9.79s/stk, WDAY]
Stocks:  95%|ΓûêΓûêΓûêΓûêΓûêΓûêΓûêΓûêΓûêΓûî| 636/669 [1:40:37<05:27,  9.93s/stk, WDC] 
Stocks:  95%|ΓûêΓûêΓûêΓûêΓûêΓûêΓûêΓûêΓûêΓûî| 637/669 [1:40:41<05:09,  9.67s/stk, WEX]
Stocks:  95%|ΓûêΓûêΓûêΓûêΓûêΓûêΓûêΓûêΓûêΓûî| 638/669 [1:40:45<04:51,  9.42s/stk, WELL]
Stocks:  96%|ΓûêΓûêΓûêΓûêΓûêΓûêΓûêΓûêΓûêΓûî| 639/669 [1:40:48<04:34,  9.16s/stk, WFC] 
Stocks:  96%|ΓûêΓûêΓûêΓûêΓûêΓûêΓûêΓûêΓûêΓûî| 640/669 [1:41:10<04:41,  9.72s/stk, WFRD]
Stocks:  96%|ΓûêΓûêΓûêΓûêΓûêΓûêΓûêΓûêΓûêΓûî| 641/669 [1:41:27<04:41, 10.05s/stk, WH]  
Stocks:  96%|ΓûêΓûêΓûêΓûêΓûêΓûêΓûêΓûêΓûêΓûî| 642/669 [1:41:39<04:34, 10.15s/stk, WING]
Stocks:  96%|ΓûêΓûêΓûêΓûêΓûêΓûêΓûêΓûêΓûêΓûî| 643/669 [1:41:47<04:21, 10.05s/stk, WHR] 
Stocks:  96%|ΓûêΓûêΓûêΓûêΓûêΓûêΓûêΓûêΓûêΓûï| 644/669 [1:41:52<04:04,  9.79s/stk, WMG]
Stocks:  96%|ΓûêΓûêΓûêΓûêΓûêΓûêΓûêΓûêΓûêΓûï| 645/669 [1:41:56<03:48,  9.53s/stk, WLK]
Stocks:  97%|ΓûêΓûêΓûêΓûêΓûêΓûêΓûêΓûêΓûêΓûï| 646/669 [1:42:00<03:33,  9.29s/stk, WMS]
Stocks:  97%|ΓûêΓûêΓûêΓûêΓûêΓûêΓûêΓûêΓûêΓûï| 647/669 [1:42:16<03:30,  9.58s/stk, WMT]
Stocks:  97%|ΓûêΓûêΓûêΓûêΓûêΓûêΓûêΓûêΓûêΓûï| 648/669 [1:42:23<03:19,  9.48s/stk, WYFI]
Stocks:  97%|ΓûêΓûêΓûêΓûêΓûêΓûêΓûêΓûêΓûêΓûï| 649/669 [1:42:31<03:08,  9.40s/stk, WOLF]
Stocks:  97%|ΓûêΓûêΓûêΓûêΓûêΓûêΓûêΓûêΓûêΓûï| 650/669 [1:42:47<03:04,  9.71s/stk, WPC] 
Stocks:  97%|ΓûêΓûêΓûêΓûêΓûêΓûêΓûêΓûêΓûêΓûï| 651/669 [1:43:03<02:59,  9.99s/stk, WSO]
Stocks:  97%|ΓûêΓûêΓûêΓûêΓûêΓûêΓûêΓûêΓûêΓûï| 652/669 [1:43:06<02:44,  9.68s/stk, WTW]
Stocks:  98%|ΓûêΓûêΓûêΓûêΓûêΓûêΓûêΓûêΓûêΓûè| 653/669 [1:43:13<02:32,  9.54s/stk, WU] 
Stocks:  98%|ΓûêΓûêΓûêΓûêΓûêΓûêΓûêΓûêΓûêΓûè| 654/669 [1:43:20<02:21,  9.46s/stk, WULF]
Stocks:  98%|ΓûêΓûêΓûêΓûêΓûêΓûêΓûêΓûêΓûêΓûè| 655/669 [1:43:23<02:08,  9.15s/stk, WWD] 
Stocks:  98%|ΓûêΓûêΓûêΓûêΓûêΓûêΓûêΓûêΓûêΓûè| 656/669 [1:43:43<02:05,  9.66s/stk, XLC]
Stocks:  98%|ΓûêΓûêΓûêΓûêΓûêΓûêΓûêΓûêΓûêΓûè| 657/669 [1:43:45<01:51,  9.30s/stk, WYNN]
Stocks:  98%|ΓûêΓûêΓûêΓûêΓûêΓûêΓûêΓûêΓûêΓûè| 658/669 [1:44:13<01:51, 10.16s/stk, XPEV]
Stocks:  99%|ΓûêΓûêΓûêΓûêΓûêΓûêΓûêΓûêΓûêΓûè| 659/669 [1:44:17<01:38,  9.88s/stk, XOM] 
Stocks:  99%|ΓûêΓûêΓûêΓûêΓûêΓûêΓûêΓûêΓûêΓûè| 660/669 [1:44:25<01:28,  9.81s/stk, XPO]
Stocks:  99%|ΓûêΓûêΓûêΓûêΓûêΓûêΓûêΓûêΓûêΓûë| 661/669 [1:44:37<01:19,  9.88s/stk, XRAY]
Stocks:  99%|ΓûêΓûêΓûêΓûêΓûêΓûêΓûêΓûêΓûêΓûë| 663/669 [1:44:39<00:54,  9.07s/stk, XYZ] 
Stocks:  99%|ΓûêΓûêΓûêΓûêΓûêΓûêΓûêΓûêΓûêΓûë| 664/669 [1:44:40<00:43,  8.70s/stk, YOU]
Stocks:  99%|ΓûêΓûêΓûêΓûêΓûêΓûêΓûêΓûêΓûêΓûë| 665/669 [1:45:02<00:37,  9.34s/stk, YUM]
Stocks: 100%|ΓûêΓûêΓûêΓûêΓûêΓûêΓûêΓûêΓûêΓûë| 666/669 [1:45:16<00:28,  9.54s/stk, ZM] 
Stocks: 100%|ΓûêΓûêΓûêΓûêΓûêΓûêΓûêΓûêΓûêΓûë| 667/669 [1:45:21<00:18,  9.31s/stk, ZION]
Stocks: 100%|ΓûêΓûêΓûêΓûêΓûêΓûêΓûêΓûêΓûêΓûë| 668/669 [1:45:22<00:08,  8.92s/stk, ZS]  
Stocks: 100%|ΓûêΓûêΓûêΓûêΓûêΓûêΓûêΓûêΓûêΓûê| 669/669 [1:45:27<00:00,  8.75s/stk, ZTS]
Stocks: 100%|ΓûêΓûêΓûêΓûêΓûêΓûêΓûêΓûêΓûêΓûê| 669/669 [1:45:27<00:00,  9.46s/stk, ZTS]
Done: 1021860 updated, 4644 skipped, 0 errors
Done.

ΓöÇΓöÇ historic-update ΓöÇΓöÇ
[historic_peaks] scanning 365d window (2025-04-17 -> 2026-04-17) ...
[historic_peaks] 4705 qualifying score rows across all stocks
[historic_peaks] 1487 events across 449 stocks
[historic_peaks] done -- 1487 events written

ΓöÇΓöÇ assess 1y ΓöÇΓöÇ
Using algorithm version v18 (17caf99)
Extracting peak scores...
Found 7130 peaks
Calculating forward returns...
Computed returns for 7099 peaks

=== Score Assessment (run #26 | v18 | 17caf99, 2026-04-17 07:50) ===
Lookback: 365 days | Peaks: 7130 | Symbol: ALL
Vol-adjusted barrier exits ΓÇö HIGH(call) K=2.0/M=5.0 @ 30d, LOW(put) K=1.0/M=2.0 @ 30d, scaled sqrt(W/30) per period, sigma=60d | 1d=direction only

Side-adjusted EV (exit return / MFE)
  Bucket | Count |         1d ret/pk |         7d ret/pk |        15d ret/pk |        30d ret/pk |        60d ret/pk |        90d ret/pk |       150d ret/pk
------------------------------------------------------------------------------------------------------------------------------------------------------------
     95+ |     3 |    +7.8%/   +8.1% |    +6.3%/  +10.9% |    +7.8%/  +10.2% |   +11.0%/  +16.0% |   +15.5%/  +21.0% |   +19.0%/  +22.9% |   +24.5%/  +25.4%
     90+ |    14 |    +3.4%/   +6.7% |    +3.3%/   +9.2% |    +2.5%/   +8.9% |    +7.0%/  +10.6% |    +7.7%/  +13.4% |   +10.2%/  +17.8% |   +18.1%/  +20.3%
     85+ |    53 |    +1.4%/   +4.0% |    +2.1%/   +6.3% |    +2.1%/   +7.5% |    +2.9%/  +10.1% |    +5.8%/  +12.6% |    +6.9%/  +15.0% |   +13.0%/  +19.1%
     80+ |   209 |    +1.1%/   +3.4% |    +1.7%/   +5.5% |    +1.6%/   +6.6% |    +2.6%/   +8.8% |    +4.3%/  +11.5% |    +6.0%/  +14.5% |    +5.1%/  +17.5%
     75+ |   706 |    +1.0%/   +3.4% |    +1.3%/   +5.1% |    +1.5%/   +6.3% |    +2.4%/   +8.3% |    +4.1%/  +11.0% |    +5.8%/  +13.9% |    +5.9%/  +17.1%
     70+ |  2488 |    +0.9%/   +3.0% |    +1.0%/   +4.6% |    +1.4%/   +5.8% |    +2.2%/   +7.8% |    +3.7%/  +10.5% |    +5.6%/  +13.1% |    +6.1%/  +16.4%
     <25 |  4611 |    +0.3%/   +2.4% |    +0.1%/   +2.9% |    +0.0%/   +3.4% |    -0.1%/   +4.2% |    -0.8%/   +5.2% |    -1.7%/   +5.9% |    -3.5%/   +7.1%
     <15 |   809 |    +0.3%/   +2.5% |    +0.1%/   +3.0% |    +0.0%/   +3.5% |    -0.1%/   +4.3% |    -0.3%/   +5.6% |    -1.4%/   +6.1% |    -3.6%/   +7.3%
      <5 |   129 |    +0.6%/   +2.6% |    +0.0%/   +3.0% |    -0.1%/   +3.3% |    -0.0%/   +4.3% |    +0.3%/   +5.6% |    -1.7%/   +6.7% |    -4.5%/   +7.9%

Win Rates
  Bucket | Count |    1d Win |    7d Win |   15d Win |   30d Win |   60d Win |   90d Win |  150d Win
----------------------------------------------------------------------------------------------------
     95+ |     3 |    100.0% |    100.0% |    100.0% |    100.0% |    100.0% |    100.0% |    100.0%
     90+ |    14 |     78.6% |     85.7% |     75.0% |     81.8% |     80.0% |     85.7% |    100.0%
     85+ |    53 |     66.0% |     81.1% |     81.2% |     83.8% |     83.9% |     85.2% |     84.2%
     80+ |   209 |     66.0% |     74.4% |     71.4% |     70.9% |     73.8% |     76.9% |     69.0%
     75+ |   706 |     63.2% |     72.1% |     71.9% |     72.2% |     73.9% |     77.7% |     72.2%
     70+ |  2488 |     60.4% |     71.2% |     71.2% |     71.9% |     74.3% |     77.6% |     75.2%
     <25 |  4611 |     56.3% |     67.1% |     67.3% |     66.5% |     64.2% |     60.5% |     56.8%
     <15 |   809 |     56.5% |     66.8% |     67.4% |     68.5% |     66.9% |     61.4% |     56.3%
      <5 |   129 |     54.3% |     65.6% |     64.8% |     68.3% |     72.0% |     64.4% |     56.2%

RTR Win Rates  (calls floor=71.4%, puts floor=66.7%)
  Bucket | Count |    RTR 1d |    RTR 7d |   RTR 15d |   RTR 30d |   RTR 60d |   RTR 90d |  RTR 150d
----------------------------------------------------------------------------------------------------
     95+ |     3 |   +100.0% |   +100.0% |   +100.0% |   +100.0% |   +100.0% |   +100.0% |   +100.0%
     90+ |    14 |    +25.1% |    +50.0% |    +12.5% |    +36.3% |    +30.0% |    +50.0% |   +100.0%
     85+ |    53 |    -19.0% |    +33.8% |    +34.2% |    +43.3% |    +43.7% |    +48.2% |    +44.7%
     80+ |   209 |    -19.0% |    +10.4% |     -0.1% |     -1.8% |     +8.3% |    +19.2% |     -8.5%
     75+ |   706 |    -28.8% |     +2.3% |     +1.7% |     +2.7% |     +8.7% |    +22.0% |     +2.7%
     70+ |  2488 |    -38.6% |     -0.8% |     -0.8% |     +1.7% |    +10.0% |    +21.6% |    +13.2%
     <25 |  4611 |    -31.1% |     +1.3% |     +1.9% |     -0.5% |     -7.4% |    -18.5% |    -29.6%
     <15 |   809 |    -30.5% |     +0.4% |     +2.2% |     +5.5% |     +0.7% |    -15.8% |    -31.1%
      <5 |   129 |    -37.1% |     -3.2% |     -5.6% |     +4.9% |    +16.0% |     -6.8% |    -31.4%

Swing Barrier Outcomes @ 30d (HIGH/call K=2.00, LOW/put K=1.00, scaled from 30d ref)
  Bucket |     N |   p_win  p_stop   p_exp |   win_pnl  stop_pnl |       EV
---------------------------------------------------------------------------
     95+ |     3 |  100.0%    0.0%    0.0% |    +11.0%        -- |   +11.0%
     90+ |    14 |   81.8%    0.0%   18.2% |     +9.8%        -- |    +7.0%
     85+ |    53 |   83.8%    5.4%   10.8% |     +7.2%    -31.5% |    +2.9%
     80+ |   209 |   70.9%    9.3%   19.8% |     +7.1%    -14.3% |    +2.6%
     75+ |   706 |   72.2%   11.0%   16.8% |     +6.9%    -15.3% |    +2.4%
     70+ |  2488 |   71.9%   11.3%   16.8% |     +6.6%    -15.5% |    +2.2%
     <25 |  4611 |   66.5%   32.7%    0.8% |     +3.4%     -7.2% |    -0.1%
     <15 |   809 |   68.5%   30.9%    0.6% |     +3.3%     -7.4% |    -0.1%
      <5 |   129 |   68.3%   30.2%    1.6% |     +3.3%     -7.7% |    -0.0%

Excursion Profile (side-adjusted: + favorable / - adverse)
  Bucket | Count |   MAE 30d |   MAE Win |   MFE 30d |   Cap 30d
----------------------------------------------------------------
     95+ |     3 |     -6.6% |     -6.6% |    +16.0% |      0.69
     90+ |    14 |     -5.3% |     -4.1% |    +10.6% |      0.66
     85+ |    53 |     -6.0% |     -2.8% |    +10.1% |      0.29
     80+ |   209 |     -6.6% |     -3.6% |     +8.8% |      0.29
     75+ |   706 |     -6.4% |     -3.3% |     +8.3% |      0.29
     70+ |  2488 |     -6.3% |     -3.1% |     +7.8% |      0.28
     <25 |  4611 |     -4.6% |     -1.8% |     +4.2% |     -0.04
     <15 |   809 |     -4.6% |     -1.8% |     +4.3% |     -0.01
      <5 |   129 |     -4.7% |     -1.9% |     +4.3% |     -0.01

Shakeout Profile
  Bucket |    7d Win |   15d Win |   30d Win |   60d Win |    Depth | Recov
---------------------------------------------------------------------------
     95+ |    100.0% |    100.0% |    100.0% |    100.0% |    +0.0% |   --
     90+ |     85.7% |     75.0% |     81.8% |     80.0% |    +5.7% |   --
     85+ |     81.1% |     81.2% |     83.8% |     83.9% |    -2.8% |   --
     80+ |     74.4% |     71.4% |     70.9% |     73.8% |    +0.6% |   --
     75+ |     72.1% |     71.9% |     72.2% |     73.9% |    -1.8% |   --
     70+ |     71.2% |     71.2% |     71.9% |     74.3% |    -3.1% |   --
     <25 |     67.1% |     67.3% |     66.5% |     64.2% |    +2.9% |   --
     <15 |     66.8% |     67.4% |     68.5% |     66.9% |    -0.1% |   15d
      <5 |     65.6% |     64.8% |     68.3% |     72.0% |    -6.4% |   --

Intra-Band IC (non-overlapping score bands)
  Bucket |     Band |     N |     IC 7d |    IC 15d |    IC 30d |    IC 60d
---------------------------------------------------------------------------
     90+ |    90-94 |    11 |    +0.179 |    -0.233 |    +0.134 |    +0.412
     85+ |    85-89 |    39 |    -0.073 |    -0.262 |    -0.500 |    -0.382
     80+ |    80-84 |   156 |    +0.001 |    +0.069 |    +0.067 |    +0.110
     75+ |    75-79 |   497 |    -0.003 |    -0.029 |    -0.052 |    -0.024
     70+ |    70-74 |  1782 |    +0.014 |    +0.019 |    +0.016 |    +0.045
      <5 |      0-5 |   129 |    -0.000 |    -0.010 |    -0.063 |    -0.104
     <15 |     6-15 |   680 |    -0.002 |    -0.007 |    -0.014 |    -0.031
     <25 |    16-25 |  3802 |    +0.006 |    -0.028 |    -0.036 |    -0.042

Correlation (legacy, combined): 1d=+0.042 | 7d=+0.028 | 15d=+0.017 | 30d=+0.005 | 60d=+0.005 | 90d=+0.009 | 150d=-0.033
RTR Corr  (bucket score vs RTR win,  HIGH): 1d=+0.876 | 7d=+0.933 | 15d=+0.777 | 30d=+0.870 | 60d=+0.824 | 90d=+0.872 | 150d=+0.862
RTR Corr  (put strength  vs RTR win,  LOW): 1d=-0.822 | 7d=-0.945 | 15d=-0.849 | 30d=+0.817 | 60d=+0.985 | 90d=+0.955 | 150d=-0.933


--- 1y Window ---
Peaks: 9022

Side-adjusted EV (exit return / MFE)
  Bucket | Count |         1d ret/pk |         7d ret/pk |        15d ret/pk |        30d ret/pk |        60d ret/pk |        90d ret/pk |       150d ret/pk
------------------------------------------------------------------------------------------------------------------------------------------------------------
     95+ |     3 |    +7.8%/   +8.1% |    +6.3%/  +10.9% |    +7.8%/  +10.2% |   +11.0%/  +16.0% |   +15.5%/  +21.0% |   +19.0%/  +22.9% |   +24.5%/  +25.4%
     90+ |    14 |    +3.4%/   +6.7% |    +3.3%/   +9.2% |    +2.5%/   +8.9% |    +7.0%/  +10.6% |    +7.7%/  +13.4% |   +10.2%/  +17.8% |   +18.1%/  +20.3%
     85+ |    53 |    +1.4%/   +4.0% |    +2.1%/   +6.3% |    +2.1%/   +7.5% |    +2.9%/  +10.1% |    +5.8%/  +12.6% |    +6.9%/  +15.0% |   +13.0%/  +19.1%
     80+ |   209 |    +1.1%/   +3.4% |    +1.7%/   +5.5% |    +1.6%/   +6.6% |    +2.6%/   +8.8% |    +4.3%/  +11.5% |    +6.0%/  +14.5% |    +5.1%/  +17.5%
     75+ |   706 |    +1.0%/   +3.4% |    +1.3%/   +5.1% |    +1.5%/   +6.3% |    +2.4%/   +8.3% |    +4.1%/  +11.0% |    +5.8%/  +13.9% |    +5.9%/  +17.1%
     70+ |  2488 |    +0.9%/   +3.0% |    +1.0%/   +4.6% |    +1.4%/   +5.8% |    +2.2%/   +7.8% |    +3.7%/  +10.5% |    +5.6%/  +13.1% |    +6.1%/  +16.4%
     <25 |  4611 |    +0.3%/   +2.4% |    +0.1%/   +2.9% |    +0.0%/   +3.4% |    -0.1%/   +4.2% |    -0.8%/   +5.2% |    -1.7%/   +5.9% |    -3.5%/   +7.1%
     <15 |   809 |    +0.3%/   +2.5% |    +0.1%/   +3.0% |    +0.0%/   +3.5% |    -0.1%/   +4.3% |    -0.3%/   +5.6% |    -1.4%/   +6.1% |    -3.6%/   +7.3%
      <5 |   129 |    +0.6%/   +2.6% |    +0.0%/   +3.0% |    -0.1%/   +3.3% |    -0.0%/   +4.3% |    +0.3%/   +5.6% |    -1.7%/   +6.7% |    -4.5%/   +7.9%

Win Rates
  Bucket | Count |    1d Win |    7d Win |   15d Win |   30d Win |   60d Win |   90d Win |  150d Win
----------------------------------------------------------------------------------------------------
     95+ |     3 |    100.0% |    100.0% |    100.0% |    100.0% |    100.0% |    100.0% |    100.0%
     90+ |    14 |     78.6% |     85.7% |     75.0% |     81.8% |     80.0% |     85.7% |    100.0%
     85+ |    53 |     66.0% |     81.1% |     81.2% |     83.8% |     83.9% |     85.2% |     84.2%
     80+ |   209 |     66.0% |     74.4% |     71.4% |     70.9% |     73.8% |     76.9% |     69.0%
     75+ |   706 |     63.2% |     72.1% |     71.9% |     72.2% |     73.9% |     77.7% |     72.2%
     70+ |  2488 |     60.4% |     71.2% |     71.2% |     71.9% |     74.3% |     77.6% |     75.2%
     <25 |  4611 |     56.3% |     67.1% |     67.3% |     66.5% |     64.2% |     60.5% |     56.8%
     <15 |   809 |     56.5% |     66.8% |     67.4% |     68.5% |     66.9% |     61.4% |     56.3%
      <5 |   129 |     54.3% |     65.6% |     64.8% |     68.3% |     72.0% |     64.4% |     56.2%

RTR Win Rates  (calls floor=71.4%, puts floor=66.7%)
  Bucket | Count |    RTR 1d |    RTR 7d |   RTR 15d |   RTR 30d |   RTR 60d |   RTR 90d |  RTR 150d
----------------------------------------------------------------------------------------------------
     95+ |     3 |   +100.0% |   +100.0% |   +100.0% |   +100.0% |   +100.0% |   +100.0% |   +100.0%
     90+ |    14 |    +25.1% |    +50.0% |    +12.5% |    +36.3% |    +30.0% |    +50.0% |   +100.0%
     85+ |    53 |    -19.0% |    +33.8% |    +34.2% |    +43.3% |    +43.7% |    +48.2% |    +44.7%
     80+ |   209 |    -19.0% |    +10.4% |     -0.1% |     -1.8% |     +8.3% |    +19.2% |     -8.5%
     75+ |   706 |    -28.8% |     +2.3% |     +1.7% |     +2.7% |     +8.7% |    +22.0% |     +2.7%
     70+ |  2488 |    -38.6% |     -0.8% |     -0.8% |     +1.7% |    +10.0% |    +21.6% |    +13.2%
     <25 |  4611 |    -31.1% |     +1.3% |     +1.9% |     -0.5% |     -7.4% |    -18.5% |    -29.6%
     <15 |   809 |    -30.5% |     +0.4% |     +2.2% |     +5.5% |     +0.7% |    -15.8% |    -31.1%
      <5 |   129 |    -37.1% |     -3.2% |     -5.6% |     +4.9% |    +16.0% |     -6.8% |    -31.4%

Swing Barrier Outcomes @ 30d (HIGH/call K=2.00, LOW/put K=1.00, scaled from 30d ref)
  Bucket |     N |   p_win  p_stop   p_exp |   win_pnl  stop_pnl |       EV
---------------------------------------------------------------------------
     95+ |     3 |  100.0%    0.0%    0.0% |    +11.0%        -- |   +11.0%
     90+ |    14 |   81.8%    0.0%   18.2% |     +9.8%        -- |    +7.0%
     85+ |    53 |   83.8%    5.4%   10.8% |     +7.2%    -31.5% |    +2.9%
     80+ |   209 |   70.9%    9.3%   19.8% |     +7.1%    -14.3% |    +2.6%
     75+ |   706 |   72.2%   11.0%   16.8% |     +6.9%    -15.3% |    +2.4%
     70+ |  2488 |   71.9%   11.3%   16.8% |     +6.6%    -15.5% |    +2.2%
     <25 |  4611 |   66.5%   32.7%    0.8% |     +3.4%     -7.2% |    -0.1%
     <15 |   809 |   68.5%   30.9%    0.6% |     +3.3%     -7.4% |    -0.1%
      <5 |   129 |   68.3%   30.2%    1.6% |     +3.3%     -7.7% |    -0.0%

Excursion Profile (side-adjusted: + favorable / - adverse)
  Bucket | Count |   MAE 30d |   MAE Win |   MFE 30d |   Cap 30d
----------------------------------------------------------------
     95+ |     3 |     -6.6% |     -6.6% |    +16.0% |      0.69
     90+ |    14 |     -5.3% |     -4.1% |    +10.6% |      0.66
     85+ |    53 |     -6.0% |     -2.8% |    +10.1% |      0.29
     80+ |   209 |     -6.6% |     -3.6% |     +8.8% |      0.29
     75+ |   706 |     -6.4% |     -3.3% |     +8.3% |      0.29
     70+ |  2488 |     -6.3% |     -3.1% |     +7.8% |      0.28
     <25 |  4611 |     -4.6% |     -1.8% |     +4.2% |     -0.04
     <15 |   809 |     -4.6% |     -1.8% |     +4.3% |     -0.01
      <5 |   129 |     -4.7% |     -1.9% |     +4.3% |     -0.01

Shakeout Profile
  Bucket |    7d Win |   15d Win |   30d Win |   60d Win |    Depth | Recov
---------------------------------------------------------------------------
     95+ |    100.0% |    100.0% |    100.0% |    100.0% |    +0.0% |   --
     90+ |     85.7% |     75.0% |     81.8% |     80.0% |    +5.7% |   --
     85+ |     81.1% |     81.2% |     83.8% |     83.9% |    -2.8% |   --
     80+ |     74.4% |     71.4% |     70.9% |     73.8% |    +0.6% |   --
     75+ |     72.1% |     71.9% |     72.2% |     73.9% |    -1.8% |   --
     70+ |     71.2% |     71.2% |     71.9% |     74.3% |    -3.1% |   --
     <25 |     67.1% |     67.3% |     66.5% |     64.2% |    +2.9% |   --
     <15 |     66.8% |     67.4% |     68.5% |     66.9% |    -0.1% |   15d
      <5 |     65.6% |     64.8% |     68.3% |     72.0% |    -6.4% |   --

Intra-Band IC (non-overlapping score bands)
  Bucket |     Band |     N |     IC 7d |    IC 15d |    IC 30d |    IC 60d
---------------------------------------------------------------------------
     90+ |    90-94 |    11 |    +0.179 |    -0.233 |    +0.134 |    +0.412
     85+ |    85-89 |    39 |    -0.073 |    -0.262 |    -0.500 |    -0.382
     80+ |    80-84 |   156 |    +0.001 |    +0.069 |    +0.067 |    +0.110
     75+ |    75-79 |   497 |    -0.003 |    -0.029 |    -0.052 |    -0.024
     70+ |    70-74 |  1782 |    +0.014 |    +0.019 |    +0.016 |    +0.045
      <5 |      0-5 |   129 |    -0.000 |    -0.010 |    -0.063 |    -0.104
     <15 |     6-15 |   680 |    -0.002 |    -0.007 |    -0.014 |    -0.031
     <25 |    16-25 |  3802 |    +0.006 |    -0.028 |    -0.036 |    -0.042

Correlation (score vs call win,     HIGH peaks): 1d=+0.042 | 7d=+0.028 | 15d=+0.017 | 30d=+0.005 | 60d=+0.005 | 90d=+0.009 | 150d=-0.033
Correlation (put strength vs put win, LOW peaks): 1d=-0.008 | 7d=-0.009 | 15d=+0.003 | 30d=+0.026 | 60d=+0.043 | 90d=+0.021 | 150d=-0.001
RTR Corr  (bucket score vs RTR win,  HIGH): 1d=+0.876 | 7d=+0.933 | 15d=+0.777 | 30d=+0.870 | 60d=+0.824 | 90d=+0.872 | 150d=+0.862
RTR Corr  (put strength  vs RTR win,  LOW): 1d=-0.822 | 7d=-0.945 | 15d=-0.849 | 30d=+0.817 | 60d=+0.985 | 90d=+0.955 | 150d=-0.933

ΓöÇΓöÇ assess 2y ΓöÇΓöÇ
Using algorithm version v18 (17caf99)
Extracting peak scores...
Found 15019 peaks
Calculating forward returns...
Computed returns for 14988 peaks

=== Score Assessment (run #27 | v18 | 17caf99, 2026-04-17 07:52) ===
Lookback: 730 days | Peaks: 15019 | Symbol: ALL
Vol-adjusted barrier exits ΓÇö HIGH(call) K=2.0/M=5.0 @ 30d, LOW(put) K=1.0/M=2.0 @ 30d, scaled sqrt(W/30) per period, sigma=60d | 1d=direction only

Side-adjusted EV (exit return / MFE)
  Bucket | Count |         1d ret/pk |         7d ret/pk |        15d ret/pk |        30d ret/pk |        60d ret/pk |        90d ret/pk |       150d ret/pk
------------------------------------------------------------------------------------------------------------------------------------------------------------
     95+ |     6 |    +3.8%/   +4.8% |    +3.4%/   +7.3% |    +5.6%/   +7.3% |    +8.0%/  +10.3% |   +11.2%/  +16.4% |   +13.8%/  +18.1% |   +16.1%/  +17.6%
     90+ |    28 |    +1.8%/   +4.3% |    +2.5%/   +7.2% |    +2.9%/   +8.0% |    +5.8%/   +9.5% |    +6.4%/  +12.1% |    +9.3%/  +14.4% |   +12.3%/  +16.0%
     85+ |   130 |    +1.4%/   +3.2% |    +1.9%/   +4.9% |    +2.3%/   +6.1% |    +3.3%/   +7.8% |    +3.8%/   +9.7% |    +5.0%/  +11.5% |    +6.3%/  +13.9%
     80+ |   544 |    +1.5%/   +3.6% |    +1.2%/   +5.2% |    +1.5%/   +6.4% |    +2.2%/   +8.0% |    +2.6%/  +10.1% |    +4.1%/  +12.2% |    +3.7%/  +14.5%
     75+ |  1649 |    +1.1%/   +3.1% |    +1.0%/   +4.6% |    +1.4%/   +5.8% |    +2.0%/   +7.4% |    +2.9%/   +9.5% |    +3.8%/  +11.5% |    +4.0%/  +13.9%
     70+ |  5530 |    +0.8%/   +2.7% |    +0.8%/   +4.1% |    +1.3%/   +5.3% |    +1.9%/   +7.0% |    +2.6%/   +9.2% |    +3.7%/  +11.2% |    +4.3%/  +13.8%
     <25 |  9458 |    +0.4%/   +2.6% |    +0.1%/   +3.0% |    +0.2%/   +3.6% |    +0.2%/   +4.4% |    -0.0%/   +5.6% |    -0.5%/   +6.5% |    -0.9%/   +7.9%
     <15 |  1825 |    +0.5%/   +2.9% |    +0.1%/   +3.3% |    +0.1%/   +3.8% |    +0.2%/   +4.8% |    +0.2%/   +6.0% |    -0.3%/   +6.9% |    -1.0%/   +8.4%
      <5 |   321 |    +1.0%/   +3.4% |    +0.1%/   +3.8% |    +0.2%/   +4.2% |    +0.5%/   +5.2% |    +0.3%/   +6.2% |    -0.1%/   +7.2% |    -1.2%/   +8.4%

Win Rates
  Bucket | Count |    1d Win |    7d Win |   15d Win |   30d Win |   60d Win |   90d Win |  150d Win
----------------------------------------------------------------------------------------------------
     95+ |     6 |     83.3% |     83.3% |     80.0% |    100.0% |    100.0% |    100.0% |    100.0%
     90+ |    28 |     67.9% |     75.0% |     73.1% |     84.0% |     79.2% |     85.7% |     83.3%
     85+ |   130 |     70.8% |     76.2% |     77.6% |     83.3% |     81.5% |     79.8% |     78.1%
     80+ |   544 |     61.9% |     72.0% |     71.8% |     74.0% |     74.6% |     75.7% |     71.6%
     75+ |  1649 |     60.1% |     70.1% |     71.9% |     73.9% |     75.2% |     75.5% |     72.8%
     70+ |  5530 |     59.2% |     70.0% |     71.0% |     73.1% |     74.2% |     75.5% |     74.1%
     <25 |  9458 |     56.2% |     67.0% |     68.3% |     68.4% |     67.3% |     65.3% |     64.7%
     <15 |  1825 |     57.2% |     68.4% |     68.9% |     70.5% |     69.1% |     66.3% |     64.5%
      <5 |   321 |     54.2% |     68.4% |     68.8% |     71.4% |     69.4% |     68.6% |     63.6%

RTR Win Rates  (calls floor=71.4%, puts floor=66.7%)
  Bucket | Count |    RTR 1d |    RTR 7d |   RTR 15d |   RTR 30d |   RTR 60d |   RTR 90d |  RTR 150d
----------------------------------------------------------------------------------------------------
     95+ |     6 |    +41.5% |    +41.5% |    +30.0% |   +100.0% |   +100.0% |   +100.0% |   +100.0%
     90+ |    28 |    -12.3% |    +12.5% |     +5.8% |    +44.0% |    +27.2% |    +50.0% |    +41.5%
     85+ |   130 |     -2.2% |    +16.7% |    +21.6% |    +41.5% |    +35.2% |    +29.3% |    +23.3%
     80+ |   544 |    -33.4% |     +2.0% |     +1.3% |     +9.0% |    +11.1% |    +15.0% |     +0.6%
     75+ |  1649 |    -39.7% |     -4.7% |     +1.7% |     +8.7% |    +13.2% |    +14.2% |     +4.8%
     70+ |  5530 |    -42.8% |     -5.0% |     -1.5% |     +5.8% |     +9.7% |    +14.2% |     +9.3%
     <25 |  9458 |    -31.4% |     +1.0% |     +4.9% |     +5.2% |     +1.9% |     -4.1% |     -5.9%
     <15 |  1825 |    -28.4% |     +5.2% |     +6.7% |    +11.5% |     +7.3% |     -1.1% |     -6.5%
      <5 |   321 |    -37.4% |     +5.2% |     +6.4% |    +14.2% |     +8.2% |     +5.8% |     -9.2%

Swing Barrier Outcomes @ 30d (HIGH/call K=2.00, LOW/put K=1.00, scaled from 30d ref)
  Bucket |     N |   p_win  p_stop   p_exp |   win_pnl  stop_pnl |       EV
---------------------------------------------------------------------------
     95+ |     6 |  100.0%    0.0%    0.0% |     +8.0%        -- |    +8.0%
     90+ |    28 |   84.0%    4.0%   12.0% |     +8.0%     -9.8% |    +5.8%
     85+ |   130 |   83.3%    4.4%   12.3% |     +5.9%    -18.7% |    +3.3%
     80+ |   544 |   74.0%    9.7%   16.4% |     +5.7%    -13.2% |    +2.2%
     75+ |  1649 |   73.9%   11.2%   14.9% |     +5.8%    -13.8% |    +2.0%
     70+ |  5530 |   73.1%   12.0%   14.9% |     +5.7%    -13.5% |    +1.9%
     <25 |  9458 |   68.4%   30.9%    0.8% |     +3.5%     -7.1% |    +0.2%
     <15 |  1825 |   70.5%   28.7%    0.8% |     +3.5%     -7.7% |    +0.2%
      <5 |   321 |   71.4%   26.7%    1.9% |     +3.5%     -7.2% |    +0.5%

Excursion Profile (side-adjusted: + favorable / - adverse)
  Bucket | Count |   MAE 30d |   MAE Win |   MFE 30d |   Cap 30d
----------------------------------------------------------------
     95+ |     6 |     -5.2% |     -5.2% |    +10.3% |      0.77
     90+ |    28 |     -5.2% |     -4.4% |     +9.5% |      0.61
     85+ |   130 |     -4.6% |     -2.7% |     +7.8% |      0.42
     80+ |   544 |     -5.3% |     -2.7% |     +8.0% |      0.27
     75+ |  1649 |     -5.5% |     -2.7% |     +7.4% |      0.28
     70+ |  5530 |     -5.6% |     -2.7% |     +7.0% |      0.26
     <25 |  9458 |     -4.7% |     -1.9% |     +4.4% |      0.04
     <15 |  1825 |     -4.8% |     -1.9% |     +4.8% |      0.05
      <5 |   321 |     -4.8% |     -1.8% |     +5.2% |      0.10

Shakeout Profile
  Bucket |    7d Win |   15d Win |   30d Win |   60d Win |    Depth | Recov
---------------------------------------------------------------------------
     95+ |     83.3% |     80.0% |    100.0% |    100.0% |   -16.7% |   30d
     90+ |     75.0% |     73.1% |     84.0% |     79.2% |    -4.2% |   30d
     85+ |     76.2% |     77.6% |     83.3% |     81.5% |    -5.3% |   30d
     80+ |     72.0% |     71.8% |     74.0% |     74.6% |    -2.6% |   --
     75+ |     70.1% |     71.9% |     73.9% |     75.2% |    -5.1% |   --
     70+ |     70.0% |     71.0% |     73.1% |     74.2% |    -4.2% |   --
     <25 |     67.0% |     68.3% |     68.4% |     67.3% |    -0.3% |   15d
     <15 |     68.4% |     68.9% |     70.5% |     69.1% |    -0.7% |   30d
      <5 |     68.4% |     68.8% |     71.4% |     69.4% |    -1.0% |   30d

Intra-Band IC (non-overlapping score bands)
  Bucket |     Band |     N |     IC 7d |    IC 15d |    IC 30d |    IC 60d
---------------------------------------------------------------------------
     95+ |   95-100 |     6 |    -0.679 |    -0.380 |    -0.379 |    -0.379
     90+ |    90-94 |    22 |    +0.111 |    -0.196 |    +0.207 |    +0.449
     85+ |    85-89 |   102 |    -0.014 |    -0.097 |    -0.254 |    -0.176
     80+ |    80-84 |   414 |    +0.038 |    +0.017 |    +0.039 |    +0.053
     75+ |    75-79 |  1105 |    -0.010 |    +0.004 |    +0.005 |    +0.024
     70+ |    70-74 |  3881 |    +0.010 |    +0.011 |    +0.010 |    +0.020
      <5 |      0-5 |   321 |    +0.101 |    +0.075 |    +0.047 |    +0.045
     <15 |     6-15 |  1504 |    -0.042 |    -0.034 |    -0.046 |    -0.028
     <25 |    16-25 |  7633 |    -0.000 |    -0.016 |    -0.012 |    -0.024

Correlation (legacy, combined): 1d=+0.024 | 7d=+0.011 | 15d=+0.016 | 30d=+0.020 | 60d=+0.020 | 90d=+0.012 | 150d=-0.009
RTR Corr  (bucket score vs RTR win,  HIGH): 1d=+0.897 | 7d=+0.908 | 15d=+0.789 | 30d=+0.899 | 60d=+0.803 | 90d=+0.870 | 150d=+0.837
RTR Corr  (put strength  vs RTR win,  LOW): 1d=-0.655 | 7d=+0.866 | 15d=+0.778 | 30d=+0.974 | 60d=+0.924 | 90d=+0.975 | 150d=-0.939


--- 1y Window ---
Peaks: 8973

Side-adjusted EV (exit return / MFE)
  Bucket | Count |         1d ret/pk |         7d ret/pk |        15d ret/pk |        30d ret/pk |        60d ret/pk |        90d ret/pk |       150d ret/pk
------------------------------------------------------------------------------------------------------------------------------------------------------------
     95+ |     3 |    +7.8%/   +8.1% |    +6.3%/  +10.9% |    +7.8%/  +10.2% |   +11.0%/  +16.0% |   +15.5%/  +21.0% |   +19.0%/  +22.9% |   +24.5%/  +25.4%
     90+ |    14 |    +3.4%/   +6.7% |    +3.3%/   +9.2% |    +2.5%/   +8.9% |    +7.0%/  +10.6% |    +7.7%/  +13.4% |   +10.2%/  +17.8% |   +18.1%/  +20.3%
     85+ |    53 |    +1.4%/   +4.0% |    +2.1%/   +6.3% |    +2.1%/   +7.5% |    +2.9%/  +10.1% |    +5.8%/  +12.6% |    +6.9%/  +15.0% |   +13.0%/  +19.1%
     80+ |   208 |    +1.1%/   +3.4% |    +1.7%/   +5.5% |    +1.5%/   +6.6% |    +2.6%/   +8.8% |    +4.3%/  +11.5% |    +6.0%/  +14.6% |    +5.0%/  +17.4%
     75+ |   698 |    +1.0%/   +3.4% |    +1.3%/   +5.1% |    +1.5%/   +6.3% |    +2.4%/   +8.3% |    +4.2%/  +11.0% |    +5.9%/  +14.0% |    +6.0%/  +17.3%
     70+ |  2464 |    +0.9%/   +3.0% |    +1.0%/   +4.6% |    +1.4%/   +5.8% |    +2.2%/   +7.9% |    +3.7%/  +10.5% |    +5.6%/  +13.1% |    +6.1%/  +16.4%
     <25 |  4596 |    +0.3%/   +2.4% |    +0.1%/   +2.9% |    +0.0%/   +3.4% |    -0.1%/   +4.2% |    -0.8%/   +5.2% |    -1.7%/   +5.9% |    -3.5%/   +7.1%
     <15 |   808 |    +0.3%/   +2.5% |    +0.1%/   +3.0% |    +0.0%/   +3.5% |    -0.1%/   +4.3% |    -0.3%/   +5.6% |    -1.4%/   +6.1% |    -3.6%/   +7.3%
      <5 |   129 |    +0.6%/   +2.6% |    +0.0%/   +3.0% |    -0.1%/   +3.3% |    -0.0%/   +4.3% |    +0.3%/   +5.6% |    -1.7%/   +6.7% |    -4.5%/   +7.9%

Win Rates
  Bucket | Count |    1d Win |    7d Win |   15d Win |   30d Win |   60d Win |   90d Win |  150d Win
----------------------------------------------------------------------------------------------------
     95+ |     3 |    100.0% |    100.0% |    100.0% |    100.0% |    100.0% |    100.0% |    100.0%
     90+ |    14 |     78.6% |     85.7% |     75.0% |     81.8% |     80.0% |     85.7% |    100.0%
     85+ |    53 |     66.0% |     81.1% |     81.2% |     83.8% |     83.9% |     85.2% |     84.2%
     80+ |   208 |     66.3% |     74.8% |     71.3% |     70.8% |     73.6% |     76.7% |     68.7%
     75+ |   698 |     63.9% |     72.3% |     71.9% |     72.2% |     74.1% |     78.0% |     72.4%
     70+ |  2464 |     60.8% |     71.4% |     71.3% |     72.0% |     74.5% |     77.9% |     75.5%
     <25 |  4596 |     56.2% |     67.0% |     67.3% |     66.5% |     64.2% |     60.6% |     56.9%
     <15 |   808 |     56.4% |     66.8% |     67.4% |     68.4% |     67.0% |     61.5% |     56.4%
      <5 |   129 |     54.3% |     65.6% |     64.8% |     68.3% |     72.0% |     64.4% |     56.2%

RTR Win Rates  (calls floor=71.4%, puts floor=66.7%)
  Bucket | Count |    RTR 1d |    RTR 7d |   RTR 15d |   RTR 30d |   RTR 60d |   RTR 90d |  RTR 150d
----------------------------------------------------------------------------------------------------
     95+ |     3 |   +100.0% |   +100.0% |   +100.0% |   +100.0% |   +100.0% |   +100.0% |   +100.0%
     90+ |    14 |    +25.1% |    +50.0% |    +12.5% |    +36.3% |    +30.0% |    +50.0% |   +100.0%
     85+ |    53 |    -19.0% |    +33.8% |    +34.2% |    +43.3% |    +43.7% |    +48.2% |    +44.7%
     80+ |   208 |    -18.0% |    +11.8% |     -0.5% |     -2.2% |     +7.6% |    +18.5% |     -9.5%
     75+ |   698 |    -26.4% |     +3.0% |     +1.7% |     +2.7% |     +9.3% |    +23.0% |     +3.4%
     70+ |  2464 |    -37.2% |     -0.1% |     -0.5% |     +2.0% |    +10.7% |    +22.7% |    +14.2%
     <25 |  4596 |    -31.4% |     +1.0% |     +1.9% |     -0.5% |     -7.4% |    -18.2% |    -29.3%
     <15 |   808 |    -30.8% |     +0.4% |     +2.2% |     +5.2% |     +1.0% |    -15.5% |    -30.8%
      <5 |   129 |    -37.1% |     -3.2% |     -5.6% |     +4.9% |    +16.0% |     -6.8% |    -31.4%

Swing Barrier Outcomes @ 30d (HIGH/call K=2.00, LOW/put K=1.00, scaled from 30d ref)
  Bucket |     N |   p_win  p_stop   p_exp |   win_pnl  stop_pnl |       EV
---------------------------------------------------------------------------
     95+ |     3 |  100.0%    0.0%    0.0% |    +11.0%        -- |   +11.0%
     90+ |    14 |   81.8%    0.0%   18.2% |     +9.8%        -- |    +7.0%
     85+ |    53 |   83.8%    5.4%   10.8% |     +7.2%    -31.5% |    +2.9%
     80+ |   208 |   70.8%    9.4%   19.9% |     +7.1%    -14.3% |    +2.6%
     75+ |   698 |   72.2%   11.0%   16.8% |     +6.9%    -15.4% |    +2.4%
     70+ |  2464 |   72.0%   11.2%   16.8% |     +6.6%    -15.6% |    +2.2%
     <25 |  4596 |   66.5%   32.7%    0.8% |     +3.4%     -7.2% |    -0.1%
     <15 |   808 |   68.4%   30.9%    0.6% |     +3.3%     -7.4% |    -0.1%
      <5 |   129 |   68.3%   30.2%    1.6% |     +3.3%     -7.7% |    -0.0%

Excursion Profile (side-adjusted: + favorable / - adverse)
  Bucket | Count |   MAE 30d |   MAE Win |   MFE 30d |   Cap 30d
----------------------------------------------------------------
     95+ |     3 |     -6.6% |     -6.6% |    +16.0% |      0.69
     90+ |    14 |     -5.3% |     -4.1% |    +10.6% |      0.66
     85+ |    53 |     -6.0% |     -2.8% |    +10.1% |      0.29
     80+ |   208 |     -6.7% |     -3.6% |     +8.8% |      0.29
     75+ |   698 |     -6.4% |     -3.3% |     +8.3% |      0.29
     70+ |  2464 |     -6.3% |     -3.0% |     +7.9% |      0.28
     <25 |  4596 |     -4.6% |     -1.8% |     +4.2% |     -0.04
     <15 |   808 |     -4.6% |     -1.8% |     +4.3% |     -0.01
      <5 |   129 |     -4.7% |     -1.9% |     +4.3% |     -0.01

Shakeout Profile
  Bucket |    7d Win |   15d Win |   30d Win |   60d Win |    Depth | Recov
---------------------------------------------------------------------------
     95+ |    100.0% |    100.0% |    100.0% |    100.0% |    +0.0% |   --
     90+ |     85.7% |     75.0% |     81.8% |     80.0% |    +5.7% |   --
     85+ |     81.1% |     81.2% |     83.8% |     83.9% |    -2.8% |   --
     80+ |     74.8% |     71.3% |     70.8% |     73.6% |    +1.2% |   --
     75+ |     72.3% |     71.9% |     72.2% |     74.1% |    -1.8% |   --
     70+ |     71.4% |     71.3% |     72.0% |     74.5% |    -3.1% |   --
     <25 |     67.0% |     67.3% |     66.5% |     64.2% |    +2.8% |   --
     <15 |     66.8% |     67.4% |     68.4% |     67.0% |    -0.2% |   15d
      <5 |     65.6% |     64.8% |     68.3% |     72.0% |    -6.4% |   --

Intra-Band IC (non-overlapping score bands)
  Bucket |     Band |     N |     IC 7d |    IC 15d |    IC 30d |    IC 60d
---------------------------------------------------------------------------
     90+ |    90-94 |    11 |    +0.179 |    -0.233 |    +0.134 |    +0.412
     85+ |    85-89 |    39 |    -0.073 |    -0.262 |    -0.500 |    -0.382
     80+ |    80-84 |   155 |    +0.000 |    +0.070 |    +0.068 |    +0.111
     75+ |    75-79 |   490 |    -0.003 |    -0.025 |    -0.048 |    -0.017
     70+ |    70-74 |  1766 |    +0.010 |    +0.016 |    +0.013 |    +0.045
      <5 |      0-5 |   129 |    -0.000 |    -0.010 |    -0.063 |    -0.104
     <15 |     6-15 |   679 |    -0.002 |    -0.007 |    -0.014 |    -0.031
     <25 |    16-25 |  3788 |    +0.005 |    -0.029 |    -0.037 |    -0.043

Correlation (score vs call win,     HIGH peaks): 1d=+0.044 | 7d=+0.030 | 15d=+0.015 | 30d=+0.004 | 60d=+0.005 | 90d=+0.009 | 150d=-0.035
Correlation (put strength vs put win, LOW peaks): 1d=-0.007 | 7d=-0.008 | 15d=+0.004 | 30d=+0.026 | 60d=+0.044 | 90d=+0.021 | 150d=-0.001
RTR Corr  (bucket score vs RTR win,  HIGH): 1d=+0.870 | 7d=+0.933 | 15d=+0.775 | 30d=+0.868 | 60d=+0.819 | 90d=+0.864 | 150d=+0.856
RTR Corr  (put strength  vs RTR win,  LOW): 1d=-0.820 | 7d=-0.924 | 15d=-0.849 | 30d=+0.842 | 60d=+0.987 | 90d=+0.957 | 150d=-0.971

--- 2y Window ---
Peaks: 19491

Side-adjusted EV (exit return / MFE)
  Bucket | Count |         1d ret/pk |         7d ret/pk |        15d ret/pk |        30d ret/pk |        60d ret/pk |        90d ret/pk |       150d ret/pk
------------------------------------------------------------------------------------------------------------------------------------------------------------
     95+ |     6 |    +3.8%/   +4.8% |    +3.4%/   +7.3% |    +5.6%/   +7.3% |    +8.0%/  +10.3% |   +11.2%/  +16.4% |   +13.8%/  +18.1% |   +16.1%/  +17.6%
     90+ |    28 |    +1.8%/   +4.3% |    +2.5%/   +7.2% |    +2.9%/   +8.0% |    +5.8%/   +9.5% |    +6.4%/  +12.1% |    +9.3%/  +14.4% |   +12.3%/  +16.0%
     85+ |   130 |    +1.4%/   +3.2% |    +1.9%/   +4.9% |    +2.3%/   +6.1% |    +3.3%/   +7.8% |    +3.8%/   +9.7% |    +5.0%/  +11.5% |    +6.3%/  +13.9%
     80+ |   544 |    +1.5%/   +3.6% |    +1.2%/   +5.2% |    +1.5%/   +6.4% |    +2.2%/   +8.0% |    +2.6%/  +10.1% |    +4.1%/  +12.2% |    +3.7%/  +14.5%
     75+ |  1649 |    +1.1%/   +3.1% |    +1.0%/   +4.6% |    +1.4%/   +5.8% |    +2.0%/   +7.4% |    +2.9%/   +9.5% |    +3.8%/  +11.5% |    +4.0%/  +13.9%
     70+ |  5530 |    +0.8%/   +2.7% |    +0.8%/   +4.1% |    +1.3%/   +5.3% |    +1.9%/   +7.0% |    +2.6%/   +9.2% |    +3.7%/  +11.2% |    +4.3%/  +13.8%
     <25 |  9458 |    +0.4%/   +2.6% |    +0.1%/   +3.0% |    +0.2%/   +3.6% |    +0.2%/   +4.4% |    -0.0%/   +5.6% |    -0.5%/   +6.5% |    -0.9%/   +7.9%
     <15 |  1825 |    +0.5%/   +2.9% |    +0.1%/   +3.3% |    +0.1%/   +3.8% |    +0.2%/   +4.8% |    +0.2%/   +6.0% |    -0.3%/   +6.9% |    -1.0%/   +8.4%
      <5 |   321 |    +1.0%/   +3.4% |    +0.1%/   +3.8% |    +0.2%/   +4.2% |    +0.5%/   +5.2% |    +0.3%/   +6.2% |    -0.1%/   +7.2% |    -1.2%/   +8.4%

Win Rates
  Bucket | Count |    1d Win |    7d Win |   15d Win |   30d Win |   60d Win |   90d Win |  150d Win
----------------------------------------------------------------------------------------------------
     95+ |     6 |     83.3% |     83.3% |     80.0% |    100.0% |    100.0% |    100.0% |    100.0%
     90+ |    28 |     67.9% |     75.0% |     73.1% |     84.0% |     79.2% |     85.7% |     83.3%
     85+ |   130 |     70.8% |     76.2% |     77.6% |     83.3% |     81.5% |     79.8% |     78.1%
     80+ |   544 |     61.9% |     72.0% |     71.8% |     74.0% |     74.6% |     75.7% |     71.6%
     75+ |  1649 |     60.1% |     70.1% |     71.9% |     73.9% |     75.2% |     75.5% |     72.8%
     70+ |  5530 |     59.2% |     70.0% |     71.0% |     73.1% |     74.2% |     75.5% |     74.1%
     <25 |  9458 |     56.2% |     67.0% |     68.3% |     68.4% |     67.3% |     65.3% |     64.7%
     <15 |  1825 |     57.2% |     68.4% |     68.9% |     70.5% |     69.1% |     66.3% |     64.5%
      <5 |   321 |     54.2% |     68.4% |     68.8% |     71.4% |     69.4% |     68.6% |     63.6%

RTR Win Rates  (calls floor=71.4%, puts floor=66.7%)
  Bucket | Count |    RTR 1d |    RTR 7d |   RTR 15d |   RTR 30d |   RTR 60d |   RTR 90d |  RTR 150d
----------------------------------------------------------------------------------------------------
     95+ |     6 |    +41.5% |    +41.5% |    +30.0% |   +100.0% |   +100.0% |   +100.0% |   +100.0%
     90+ |    28 |    -12.3% |    +12.5% |     +5.8% |    +44.0% |    +27.2% |    +50.0% |    +41.5%
     85+ |   130 |     -2.2% |    +16.7% |    +21.6% |    +41.5% |    +35.2% |    +29.3% |    +23.3%
     80+ |   544 |    -33.4% |     +2.0% |     +1.3% |     +9.0% |    +11.1% |    +15.0% |     +0.6%
     75+ |  1649 |    -39.7% |     -4.7% |     +1.7% |     +8.7% |    +13.2% |    +14.2% |     +4.8%
     70+ |  5530 |    -42.8% |     -5.0% |     -1.5% |     +5.8% |     +9.7% |    +14.2% |     +9.3%
     <25 |  9458 |    -31.4% |     +1.0% |     +4.9% |     +5.2% |     +1.9% |     -4.1% |     -5.9%
     <15 |  1825 |    -28.4% |     +5.2% |     +6.7% |    +11.5% |     +7.3% |     -1.1% |     -6.5%
      <5 |   321 |    -37.4% |     +5.2% |     +6.4% |    +14.2% |     +8.2% |     +5.8% |     -9.2%

Swing Barrier Outcomes @ 30d (HIGH/call K=2.00, LOW/put K=1.00, scaled from 30d ref)
  Bucket |     N |   p_win  p_stop   p_exp |   win_pnl  stop_pnl |       EV
---------------------------------------------------------------------------
     95+ |     6 |  100.0%    0.0%    0.0% |     +8.0%        -- |    +8.0%
     90+ |    28 |   84.0%    4.0%   12.0% |     +8.0%     -9.8% |    +5.8%
     85+ |   130 |   83.3%    4.4%   12.3% |     +5.9%    -18.7% |    +3.3%
     80+ |   544 |   74.0%    9.7%   16.4% |     +5.7%    -13.2% |    +2.2%
     75+ |  1649 |   73.9%   11.2%   14.9% |     +5.8%    -13.8% |    +2.0%
     70+ |  5530 |   73.1%   12.0%   14.9% |     +5.7%    -13.5% |    +1.9%
     <25 |  9458 |   68.4%   30.9%    0.8% |     +3.5%     -7.1% |    +0.2%
     <15 |  1825 |   70.5%   28.7%    0.8% |     +3.5%     -7.7% |    +0.2%
      <5 |   321 |   71.4%   26.7%    1.9% |     +3.5%     -7.2% |    +0.5%

Excursion Profile (side-adjusted: + favorable / - adverse)
  Bucket | Count |   MAE 30d |   MAE Win |   MFE 30d |   Cap 30d
----------------------------------------------------------------
     95+ |     6 |     -5.2% |     -5.2% |    +10.3% |      0.77
     90+ |    28 |     -5.2% |     -4.4% |     +9.5% |      0.61
     85+ |   130 |     -4.6% |     -2.7% |     +7.8% |      0.42
     80+ |   544 |     -5.3% |     -2.7% |     +8.0% |      0.27
     75+ |  1649 |     -5.5% |     -2.7% |     +7.4% |      0.28
     70+ |  5530 |     -5.6% |     -2.7% |     +7.0% |      0.26
     <25 |  9458 |     -4.7% |     -1.9% |     +4.4% |      0.04
     <15 |  1825 |     -4.8% |     -1.9% |     +4.8% |      0.05
      <5 |   321 |     -4.8% |     -1.8% |     +5.2% |      0.10

Shakeout Profile
  Bucket |    7d Win |   15d Win |   30d Win |   60d Win |    Depth | Recov
---------------------------------------------------------------------------
     95+ |     83.3% |     80.0% |    100.0% |    100.0% |   -16.7% |   30d
     90+ |     75.0% |     73.1% |     84.0% |     79.2% |    -4.2% |   30d
     85+ |     76.2% |     77.6% |     83.3% |     81.5% |    -5.3% |   30d
     80+ |     72.0% |     71.8% |     74.0% |     74.6% |    -2.6% |   --
     75+ |     70.1% |     71.9% |     73.9% |     75.2% |    -5.1% |   --
     70+ |     70.0% |     71.0% |     73.1% |     74.2% |    -4.2% |   --
     <25 |     67.0% |     68.3% |     68.4% |     67.3% |    -0.3% |   15d
     <15 |     68.4% |     68.9% |     70.5% |     69.1% |    -0.7% |   30d
      <5 |     68.4% |     68.8% |     71.4% |     69.4% |    -1.0% |   30d

Intra-Band IC (non-overlapping score bands)
  Bucket |     Band |     N |     IC 7d |    IC 15d |    IC 30d |    IC 60d
---------------------------------------------------------------------------
     95+ |   95-100 |     6 |    -0.679 |    -0.380 |    -0.379 |    -0.379
     90+ |    90-94 |    22 |    +0.111 |    -0.196 |    +0.207 |    +0.449
     85+ |    85-89 |   102 |    -0.014 |    -0.097 |    -0.254 |    -0.176
     80+ |    80-84 |   414 |    +0.038 |    +0.017 |    +0.039 |    +0.053
     75+ |    75-79 |  1105 |    -0.010 |    +0.004 |    +0.005 |    +0.024
     70+ |    70-74 |  3881 |    +0.010 |    +0.011 |    +0.010 |    +0.020
      <5 |      0-5 |   321 |    +0.101 |    +0.075 |    +0.047 |    +0.045
     <15 |     6-15 |  1504 |    -0.042 |    -0.034 |    -0.046 |    -0.028
     <25 |    16-25 |  7633 |    -0.000 |    -0.016 |    -0.012 |    -0.024

Correlation (score vs call win,     HIGH peaks): 1d=+0.024 | 7d=+0.011 | 15d=+0.016 | 30d=+0.020 | 60d=+0.020 | 90d=+0.012 | 150d=-0.009
Correlation (put strength vs put win, LOW peaks): 1d=-0.001 | 7d=+0.012 | 15d=+0.009 | 30d=+0.021 | 60d=+0.020 | 90d=+0.015 | 150d=+0.001
RTR Corr  (bucket score vs RTR win,  HIGH): 1d=+0.897 | 7d=+0.908 | 15d=+0.789 | 30d=+0.899 | 60d=+0.803 | 90d=+0.870 | 150d=+0.837
RTR Corr  (put strength  vs RTR win,  LOW): 1d=-0.655 | 7d=+0.866 | 15d=+0.778 | 30d=+0.974 | 60d=+0.924 | 90d=+0.975 | 150d=-0.939

ΓöÇΓöÇ assess 3y ΓöÇΓöÇ
Using algorithm version v18 (17caf99)
Extracting peak scores...
Found 22359 peaks
Calculating forward returns...
Computed returns for 22328 peaks

=== Score Assessment (run #28 | v18 | 17caf99, 2026-04-17 07:55) ===
Lookback: 1095 days | Peaks: 22359 | Symbol: ALL
Vol-adjusted barrier exits ΓÇö HIGH(call) K=2.0/M=5.0 @ 30d, LOW(put) K=1.0/M=2.0 @ 30d, scaled sqrt(W/30) per period, sigma=60d | 1d=direction only

Side-adjusted EV (exit return / MFE)
  Bucket | Count |         1d ret/pk |         7d ret/pk |        15d ret/pk |        30d ret/pk |        60d ret/pk |        90d ret/pk |       150d ret/pk
------------------------------------------------------------------------------------------------------------------------------------------------------------
     95+ |     8 |    +2.5%/   +4.8% |    +3.5%/   +7.3% |    +5.7%/   +7.3% |    +8.0%/  +10.3% |   +11.3%/  +15.4% |   +13.8%/  +17.4% |   +16.8%/  +18.9%
     90+ |    35 |    +1.4%/   +4.0% |    +2.5%/   +6.7% |    +3.0%/   +7.4% |    +5.6%/   +8.8% |    +6.9%/  +11.8% |    +9.7%/  +13.9% |   +12.7%/  +15.8%
     85+ |   152 |    +1.1%/   +3.1% |    +1.8%/   +4.7% |    +2.1%/   +5.8% |    +2.9%/   +7.4% |    +3.8%/   +9.5% |    +5.1%/  +11.3% |    +6.7%/  +13.7%
     80+ |   649 |    +1.4%/   +3.4% |    +1.2%/   +4.9% |    +1.4%/   +6.0% |    +2.2%/   +7.6% |    +2.9%/   +9.7% |    +4.3%/  +11.7% |    +4.4%/  +14.1%
     75+ |  2031 |    +1.0%/   +3.0% |    +1.0%/   +4.4% |    +1.4%/   +5.6% |    +2.1%/   +7.1% |    +3.0%/   +9.2% |    +3.9%/  +11.1% |    +4.5%/  +13.6%
     70+ |  6994 |    +0.7%/   +2.6% |    +0.8%/   +4.0% |    +1.2%/   +5.1% |    +1.8%/   +6.8% |    +2.6%/   +8.9% |    +3.7%/  +10.8% |    +4.6%/  +13.3%
     <25 | 15334 |    +0.4%/   +2.6% |    +0.1%/   +3.0% |    +0.2%/   +3.5% |    +0.1%/   +4.3% |    -0.1%/   +5.4% |    -0.4%/   +6.2% |    -0.8%/   +7.6%
     <15 |  2950 |    +0.5%/   +2.8% |    +0.1%/   +3.2% |    +0.1%/   +3.7% |    +0.2%/   +4.6% |    +0.1%/   +5.8% |    -0.2%/   +6.7% |    -0.6%/   +8.2%
      <5 |   481 |    +0.9%/   +3.2% |    +0.2%/   +3.6% |    +0.3%/   +4.1% |    +0.5%/   +5.0% |    +0.4%/   +5.9% |    -0.2%/   +6.7% |    -0.8%/   +8.1%

Win Rates
  Bucket | Count |    1d Win |    7d Win |   15d Win |   30d Win |   60d Win |   90d Win |  150d Win
----------------------------------------------------------------------------------------------------
     95+ |     8 |     62.5% |     87.5% |     85.7% |    100.0% |    100.0% |    100.0% |    100.0%
     90+ |    35 |     60.0% |     77.1% |     75.8% |     84.4% |     83.9% |     89.3% |     88.0%
     85+ |   152 |     67.8% |     77.0% |     78.2% |     81.6% |     81.5% |     80.2% |     78.8%
     80+ |   649 |     61.5% |     72.3% |     71.9% |     74.0% |     75.6% |     77.0% |     74.2%
     75+ |  2031 |     59.9% |     70.9% |     71.7% |     74.0% |     75.1% |     75.9% |     74.7%
     70+ |  6994 |     59.0% |     70.5% |     71.5% |     73.5% |     74.4% |     75.7% |     75.6%
     <25 | 15334 |     56.2% |     66.9% |     68.3% |     68.2% |     66.9% |     65.2% |     64.0%
     <15 |  2950 |     57.3% |     68.0% |     69.6% |     70.4% |     69.0% |     67.1% |     65.4%
      <5 |   481 |     55.5% |     69.6% |     71.0% |     71.8% |     70.2% |     68.0% |     64.4%

RTR Win Rates  (calls floor=71.4%, puts floor=66.7%)
  Bucket | Count |    RTR 1d |    RTR 7d |   RTR 15d |   RTR 30d |   RTR 60d |   RTR 90d |  RTR 150d
----------------------------------------------------------------------------------------------------
     95+ |     8 |    -31.3% |    +56.2% |    +50.0% |   +100.0% |   +100.0% |   +100.0% |   +100.0%
     90+ |    35 |    -40.0% |    +19.8% |    +15.3% |    +45.4% |    +43.7% |    +62.5% |    +58.0%
     85+ |   152 |    -12.7% |    +19.5% |    +23.7% |    +35.6% |    +35.2% |    +30.7% |    +25.8%
     80+ |   649 |    -34.8% |     +3.0% |     +1.7% |     +9.0% |    +14.6% |    +19.5% |     +9.7%
     75+ |  2031 |    -40.4% |     -1.8% |     +1.0% |     +9.0% |    +12.8% |    +15.7% |    +11.5%
     70+ |  6994 |    -43.5% |     -3.3% |     +0.2% |     +7.2% |    +10.4% |    +15.0% |    +14.6%
     <25 | 15334 |    -31.4% |     +0.7% |     +4.9% |     +4.6% |     +0.7% |     -4.4% |     -8.0%
     <15 |  2950 |    -28.1% |     +4.0% |     +8.8% |    +11.2% |     +7.0% |     +1.3% |     -3.8%
      <5 |   481 |    -33.5% |     +8.8% |    +13.0% |    +15.4% |    +10.6% |     +4.0% |     -6.8%

Swing Barrier Outcomes @ 30d (HIGH/call K=2.00, LOW/put K=1.00, scaled from 30d ref)
  Bucket |     N |   p_win  p_stop   p_exp |   win_pnl  stop_pnl |       EV
---------------------------------------------------------------------------
     95+ |     8 |  100.0%    0.0%    0.0% |     +8.0%        -- |    +8.0%
     90+ |    35 |   84.4%    3.1%   12.5% |     +7.5%     -9.8% |    +5.6%
     85+ |   152 |   81.6%    5.1%   13.2% |     +5.7%    -18.6% |    +2.9%
     80+ |   649 |   74.0%    9.3%   16.7% |     +5.6%    -13.0% |    +2.2%
     75+ |  2031 |   74.0%   10.8%   15.1% |     +5.6%    -13.5% |    +2.1%
     70+ |  6994 |   73.5%   11.7%   14.8% |     +5.5%    -13.0% |    +1.8%
     <25 | 15334 |   68.2%   31.0%    0.9% |     +3.4%     -6.9% |    +0.1%
     <15 |  2950 |   70.4%   28.8%    0.8% |     +3.4%     -7.5% |    +0.2%
      <5 |   481 |   71.8%   26.8%    1.5% |     +3.4%     -6.9% |    +0.5%

Excursion Profile (side-adjusted: + favorable / - adverse)
  Bucket | Count |   MAE 30d |   MAE Win |   MFE 30d |   Cap 30d
----------------------------------------------------------------
     95+ |     8 |     -5.0% |     -5.0% |    +10.3% |      0.78
     90+ |    35 |     -4.8% |     -4.0% |     +8.8% |      0.64
     85+ |   152 |     -4.8% |     -2.7% |     +7.4% |      0.40
     80+ |   649 |     -5.1% |     -2.6% |     +7.6% |      0.29
     75+ |  2031 |     -5.2% |     -2.6% |     +7.1% |      0.29
     70+ |  6994 |     -5.3% |     -2.6% |     +6.8% |      0.27
     <25 | 15334 |     -4.5% |     -1.8% |     +4.3% |      0.04
     <15 |  2950 |     -4.7% |     -1.8% |     +4.6% |      0.05
      <5 |   481 |     -4.4% |     -1.8% |     +5.0% |      0.11

Shakeout Profile
  Bucket |    7d Win |   15d Win |   30d Win |   60d Win |    Depth | Recov
---------------------------------------------------------------------------
     95+ |     87.5% |     85.7% |    100.0% |    100.0% |   -12.5% |   30d
     90+ |     77.1% |     75.8% |     84.4% |     83.9% |    -6.8% |   30d
     85+ |     77.0% |     78.2% |     81.6% |     81.5% |    -4.5% |   30d
     80+ |     72.3% |     71.9% |     74.0% |     75.6% |    -3.3% |   --
     75+ |     70.9% |     71.7% |     74.0% |     75.1% |    -4.2% |   --
     70+ |     70.5% |     71.5% |     73.5% |     74.4% |    -3.9% |   --
     <25 |     66.9% |     68.3% |     68.2% |     66.9% |    +0.0% |   --
     <15 |     68.0% |     69.6% |     70.4% |     69.0% |    -1.0% |   15d
      <5 |     69.6% |     71.0% |     71.8% |     70.2% |    -0.6% |   15d

Intra-Band IC (non-overlapping score bands)
  Bucket |     Band |     N |     IC 7d |    IC 15d |    IC 30d |    IC 60d
---------------------------------------------------------------------------
     95+ |   95-100 |     8 |    -0.475 |    -0.012 |    -0.012 |    -0.012
     90+ |    90-94 |    27 |    +0.070 |    -0.213 |    +0.132 |    +0.439
     85+ |    85-89 |   117 |    +0.003 |    -0.034 |    -0.182 |    -0.129
     80+ |    80-84 |   497 |    +0.025 |    +0.020 |    +0.028 |    +0.036
     75+ |    75-79 |  1382 |    -0.010 |    -0.004 |    -0.006 |    +0.016
     70+ |    70-74 |  4963 |    +0.008 |    +0.012 |    +0.015 |    +0.019
      <5 |      0-5 |   481 |    +0.077 |    +0.057 |    +0.048 |    +0.056
     <15 |     6-15 |  2469 |    -0.035 |    -0.020 |    -0.036 |    -0.028
     <25 |    16-25 | 12384 |    -0.000 |    -0.017 |    -0.018 |    -0.027

Correlation (legacy, combined): 1d=+0.019 | 7d=+0.016 | 15d=+0.013 | 30d=+0.018 | 60d=+0.023 | 90d=+0.016 | 150d=+0.000
RTR Corr  (bucket score vs RTR win,  HIGH): 1d=+0.402 | 7d=+0.906 | 15d=+0.863 | 30d=+0.892 | 60d=+0.880 | 90d=+0.903 | 150d=+0.868
RTR Corr  (put strength  vs RTR win,  LOW): 1d=-0.386 | 7d=+0.994 | 15d=+1.000 | 30d=+0.992 | 60d=+0.988 | 90d=+0.979 | 150d=+0.277


--- 1y Window ---
Peaks: 8973

Side-adjusted EV (exit return / MFE)
  Bucket | Count |         1d ret/pk |         7d ret/pk |        15d ret/pk |        30d ret/pk |        60d ret/pk |        90d ret/pk |       150d ret/pk
------------------------------------------------------------------------------------------------------------------------------------------------------------
     95+ |     3 |    +7.8%/   +8.1% |    +6.3%/  +10.9% |    +7.8%/  +10.2% |   +11.0%/  +16.0% |   +15.5%/  +21.0% |   +19.0%/  +22.9% |   +24.5%/  +25.4%
     90+ |    14 |    +3.4%/   +6.7% |    +3.3%/   +9.2% |    +2.5%/   +8.9% |    +7.0%/  +10.6% |    +7.7%/  +13.4% |   +10.2%/  +17.8% |   +18.1%/  +20.3%
     85+ |    53 |    +1.4%/   +4.0% |    +2.1%/   +6.3% |    +2.1%/   +7.5% |    +2.9%/  +10.1% |    +5.8%/  +12.6% |    +6.9%/  +15.0% |   +13.0%/  +19.1%
     80+ |   208 |    +1.1%/   +3.4% |    +1.7%/   +5.5% |    +1.5%/   +6.6% |    +2.6%/   +8.8% |    +4.3%/  +11.5% |    +6.0%/  +14.6% |    +5.0%/  +17.4%
     75+ |   698 |    +1.0%/   +3.4% |    +1.3%/   +5.1% |    +1.5%/   +6.3% |    +2.4%/   +8.3% |    +4.2%/  +11.0% |    +5.9%/  +14.0% |    +6.0%/  +17.3%
     70+ |  2464 |    +0.9%/   +3.0% |    +1.0%/   +4.6% |    +1.4%/   +5.8% |    +2.2%/   +7.9% |    +3.7%/  +10.5% |    +5.6%/  +13.1% |    +6.1%/  +16.4%
     <25 |  4596 |    +0.3%/   +2.4% |    +0.1%/   +2.9% |    +0.0%/   +3.4% |    -0.1%/   +4.2% |    -0.8%/   +5.2% |    -1.7%/   +5.9% |    -3.5%/   +7.1%
     <15 |   808 |    +0.3%/   +2.5% |    +0.1%/   +3.0% |    +0.0%/   +3.5% |    -0.1%/   +4.3% |    -0.3%/   +5.6% |    -1.4%/   +6.1% |    -3.6%/   +7.3%
      <5 |   129 |    +0.6%/   +2.6% |    +0.0%/   +3.0% |    -0.1%/   +3.3% |    -0.0%/   +4.3% |    +0.3%/   +5.6% |    -1.7%/   +6.7% |    -4.5%/   +7.9%

Win Rates
  Bucket | Count |    1d Win |    7d Win |   15d Win |   30d Win |   60d Win |   90d Win |  150d Win
----------------------------------------------------------------------------------------------------
     95+ |     3 |    100.0% |    100.0% |    100.0% |    100.0% |    100.0% |    100.0% |    100.0%
     90+ |    14 |     78.6% |     85.7% |     75.0% |     81.8% |     80.0% |     85.7% |    100.0%
     85+ |    53 |     66.0% |     81.1% |     81.2% |     83.8% |     83.9% |     85.2% |     84.2%
     80+ |   208 |     66.3% |     74.8% |     71.3% |     70.8% |     73.6% |     76.7% |     68.7%
     75+ |   698 |     63.9% |     72.3% |     71.9% |     72.2% |     74.1% |     78.0% |     72.4%
     70+ |  2464 |     60.8% |     71.4% |     71.3% |     72.0% |     74.5% |     77.9% |     75.5%
     <25 |  4596 |     56.2% |     67.0% |     67.3% |     66.5% |     64.2% |     60.6% |     56.9%
     <15 |   808 |     56.4% |     66.8% |     67.4% |     68.4% |     67.0% |     61.5% |     56.4%
      <5 |   129 |     54.3% |     65.6% |     64.8% |     68.3% |     72.0% |     64.4% |     56.2%

RTR Win Rates  (calls floor=71.4%, puts floor=66.7%)
  Bucket | Count |    RTR 1d |    RTR 7d |   RTR 15d |   RTR 30d |   RTR 60d |   RTR 90d |  RTR 150d
----------------------------------------------------------------------------------------------------
     95+ |     3 |   +100.0% |   +100.0% |   +100.0% |   +100.0% |   +100.0% |   +100.0% |   +100.0%
     90+ |    14 |    +25.1% |    +50.0% |    +12.5% |    +36.3% |    +30.0% |    +50.0% |   +100.0%
     85+ |    53 |    -19.0% |    +33.8% |    +34.2% |    +43.3% |    +43.7% |    +48.2% |    +44.7%
     80+ |   208 |    -18.0% |    +11.8% |     -0.5% |     -2.2% |     +7.6% |    +18.5% |     -9.5%
     75+ |   698 |    -26.4% |     +3.0% |     +1.7% |     +2.7% |     +9.3% |    +23.0% |     +3.4%
     70+ |  2464 |    -37.2% |     -0.1% |     -0.5% |     +2.0% |    +10.7% |    +22.7% |    +14.2%
     <25 |  4596 |    -31.4% |     +1.0% |     +1.9% |     -0.5% |     -7.4% |    -18.2% |    -29.3%
     <15 |   808 |    -30.8% |     +0.4% |     +2.2% |     +5.2% |     +1.0% |    -15.5% |    -30.8%
      <5 |   129 |    -37.1% |     -3.2% |     -5.6% |     +4.9% |    +16.0% |     -6.8% |    -31.4%

Swing Barrier Outcomes @ 30d (HIGH/call K=2.00, LOW/put K=1.00, scaled from 30d ref)
  Bucket |     N |   p_win  p_stop   p_exp |   win_pnl  stop_pnl |       EV
---------------------------------------------------------------------------
     95+ |     3 |  100.0%    0.0%    0.0% |    +11.0%        -- |   +11.0%
     90+ |    14 |   81.8%    0.0%   18.2% |     +9.8%        -- |    +7.0%
     85+ |    53 |   83.8%    5.4%   10.8% |     +7.2%    -31.5% |    +2.9%
     80+ |   208 |   70.8%    9.4%   19.9% |     +7.1%    -14.3% |    +2.6%
     75+ |   698 |   72.2%   11.0%   16.8% |     +6.9%    -15.4% |    +2.4%
     70+ |  2464 |   72.0%   11.2%   16.8% |     +6.6%    -15.6% |    +2.2%
     <25 |  4596 |   66.5%   32.7%    0.8% |     +3.4%     -7.2% |    -0.1%
     <15 |   808 |   68.4%   30.9%    0.6% |     +3.3%     -7.4% |    -0.1%
      <5 |   129 |   68.3%   30.2%    1.6% |     +3.3%     -7.7% |    -0.0%

Excursion Profile (side-adjusted: + favorable / - adverse)
  Bucket | Count |   MAE 30d |   MAE Win |   MFE 30d |   Cap 30d
----------------------------------------------------------------
     95+ |     3 |     -6.6% |     -6.6% |    +16.0% |      0.69
     90+ |    14 |     -5.3% |     -4.1% |    +10.6% |      0.66
     85+ |    53 |     -6.0% |     -2.8% |    +10.1% |      0.29
     80+ |   208 |     -6.7% |     -3.6% |     +8.8% |      0.29
     75+ |   698 |     -6.4% |     -3.3% |     +8.3% |      0.29
     70+ |  2464 |     -6.3% |     -3.0% |     +7.9% |      0.28
     <25 |  4596 |     -4.6% |     -1.8% |     +4.2% |     -0.04
     <15 |   808 |     -4.6% |     -1.8% |     +4.3% |     -0.01
      <5 |   129 |     -4.7% |     -1.9% |     +4.3% |     -0.01

Shakeout Profile
  Bucket |    7d Win |   15d Win |   30d Win |   60d Win |    Depth | Recov
---------------------------------------------------------------------------
     95+ |    100.0% |    100.0% |    100.0% |    100.0% |    +0.0% |   --
     90+ |     85.7% |     75.0% |     81.8% |     80.0% |    +5.7% |   --
     85+ |     81.1% |     81.2% |     83.8% |     83.9% |    -2.8% |   --
     80+ |     74.8% |     71.3% |     70.8% |     73.6% |    +1.2% |   --
     75+ |     72.3% |     71.9% |     72.2% |     74.1% |    -1.8% |   --
     70+ |     71.4% |     71.3% |     72.0% |     74.5% |    -3.1% |   --
     <25 |     67.0% |     67.3% |     66.5% |     64.2% |    +2.8% |   --
     <15 |     66.8% |     67.4% |     68.4% |     67.0% |    -0.2% |   15d
      <5 |     65.6% |     64.8% |     68.3% |     72.0% |    -6.4% |   --

Intra-Band IC (non-overlapping score bands)
  Bucket |     Band |     N |     IC 7d |    IC 15d |    IC 30d |    IC 60d
---------------------------------------------------------------------------
     90+ |    90-94 |    11 |    +0.179 |    -0.233 |    +0.134 |    +0.412
     85+ |    85-89 |    39 |    -0.073 |    -0.262 |    -0.500 |    -0.382
     80+ |    80-84 |   155 |    +0.000 |    +0.070 |    +0.068 |    +0.111
     75+ |    75-79 |   490 |    -0.003 |    -0.025 |    -0.048 |    -0.017
     70+ |    70-74 |  1766 |    +0.010 |    +0.016 |    +0.013 |    +0.045
      <5 |      0-5 |   129 |    -0.000 |    -0.010 |    -0.063 |    -0.104
     <15 |     6-15 |   679 |    -0.002 |    -0.007 |    -0.014 |    -0.031
     <25 |    16-25 |  3788 |    +0.005 |    -0.029 |    -0.037 |    -0.043

Correlation (score vs call win,     HIGH peaks): 1d=+0.044 | 7d=+0.030 | 15d=+0.015 | 30d=+0.004 | 60d=+0.005 | 90d=+0.009 | 150d=-0.035
Correlation (put strength vs put win, LOW peaks): 1d=-0.007 | 7d=-0.008 | 15d=+0.004 | 30d=+0.026 | 60d=+0.044 | 90d=+0.021 | 150d=-0.001
RTR Corr  (bucket score vs RTR win,  HIGH): 1d=+0.870 | 7d=+0.933 | 15d=+0.775 | 30d=+0.868 | 60d=+0.819 | 90d=+0.864 | 150d=+0.856
RTR Corr  (put strength  vs RTR win,  LOW): 1d=-0.820 | 7d=-0.924 | 15d=-0.849 | 30d=+0.842 | 60d=+0.987 | 90d=+0.957 | 150d=-0.971

--- 2y Window ---
Peaks: 19467

Side-adjusted EV (exit return / MFE)
  Bucket | Count |         1d ret/pk |         7d ret/pk |        15d ret/pk |        30d ret/pk |        60d ret/pk |        90d ret/pk |       150d ret/pk
------------------------------------------------------------------------------------------------------------------------------------------------------------
     95+ |     6 |    +3.8%/   +4.8% |    +3.4%/   +7.3% |    +5.6%/   +7.3% |    +8.0%/  +10.3% |   +11.2%/  +16.4% |   +13.8%/  +18.1% |   +16.1%/  +17.6%
     90+ |    28 |    +1.8%/   +4.3% |    +2.5%/   +7.2% |    +2.9%/   +8.0% |    +5.8%/   +9.5% |    +6.4%/  +12.1% |    +9.3%/  +14.4% |   +12.3%/  +16.0%
     85+ |   130 |    +1.4%/   +3.2% |    +1.9%/   +4.9% |    +2.3%/   +6.1% |    +3.3%/   +7.8% |    +3.8%/   +9.7% |    +5.0%/  +11.5% |    +6.3%/  +13.9%
     80+ |   543 |    +1.5%/   +3.6% |    +1.2%/   +5.2% |    +1.4%/   +6.4% |    +2.2%/   +8.0% |    +2.6%/  +10.1% |    +4.1%/  +12.2% |    +3.6%/  +14.5%
     75+ |  1648 |    +1.1%/   +3.1% |    +1.0%/   +4.6% |    +1.4%/   +5.8% |    +2.0%/   +7.4% |    +2.9%/   +9.5% |    +3.8%/  +11.5% |    +4.0%/  +13.9%
     70+ |  5528 |    +0.8%/   +2.7% |    +0.8%/   +4.1% |    +1.3%/   +5.3% |    +1.9%/   +7.0% |    +2.6%/   +9.2% |    +3.7%/  +11.2% |    +4.4%/  +13.8%
     <25 |  9441 |    +0.4%/   +2.6% |    +0.1%/   +3.0% |    +0.2%/   +3.6% |    +0.2%/   +4.4% |    -0.0%/   +5.6% |    -0.5%/   +6.5% |    -0.9%/   +7.9%
     <15 |  1822 |    +0.5%/   +2.9% |    +0.1%/   +3.3% |    +0.1%/   +3.8% |    +0.2%/   +4.8% |    +0.2%/   +6.0% |    -0.3%/   +6.9% |    -1.0%/   +8.4%
      <5 |   321 |    +1.0%/   +3.4% |    +0.1%/   +3.8% |    +0.2%/   +4.2% |    +0.5%/   +5.2% |    +0.3%/   +6.2% |    -0.1%/   +7.2% |    -1.2%/   +8.4%

Win Rates
  Bucket | Count |    1d Win |    7d Win |   15d Win |   30d Win |   60d Win |   90d Win |  150d Win
----------------------------------------------------------------------------------------------------
     95+ |     6 |     83.3% |     83.3% |     80.0% |    100.0% |    100.0% |    100.0% |    100.0%
     90+ |    28 |     67.9% |     75.0% |     73.1% |     84.0% |     79.2% |     85.7% |     83.3%
     85+ |   130 |     70.8% |     76.2% |     77.6% |     83.3% |     81.5% |     79.8% |     78.1%
     80+ |   543 |     62.1% |     71.9% |     71.7% |     73.9% |     74.5% |     75.6% |     71.5%
     75+ |  1648 |     60.1% |     70.1% |     71.8% |     73.9% |     75.1% |     75.5% |     72.7%
     70+ |  5528 |     59.3% |     70.0% |     71.0% |     73.1% |     74.2% |     75.5% |     74.1%
     <25 |  9441 |     56.2% |     67.1% |     68.3% |     68.4% |     67.3% |     65.3% |     64.7%
     <15 |  1822 |     57.1% |     68.5% |     68.9% |     70.6% |     69.1% |     66.3% |     64.5%
      <5 |   321 |     54.2% |     68.4% |     68.8% |     71.4% |     69.4% |     68.6% |     63.6%

RTR Win Rates  (calls floor=71.4%, puts floor=66.7%)
  Bucket | Count |    RTR 1d |    RTR 7d |   RTR 15d |   RTR 30d |   RTR 60d |   RTR 90d |  RTR 150d
----------------------------------------------------------------------------------------------------
     95+ |     6 |    +41.5% |    +41.5% |    +30.0% |   +100.0% |   +100.0% |   +100.0% |   +100.0%
     90+ |    28 |    -12.3% |    +12.5% |     +5.8% |    +44.0% |    +27.2% |    +50.0% |    +41.5%
     85+ |   130 |     -2.2% |    +16.7% |    +21.6% |    +41.5% |    +35.2% |    +29.3% |    +23.3%
     80+ |   543 |    -32.7% |     +1.7% |     +1.0% |     +8.7% |    +10.7% |    +14.6% |     +0.2%
     75+ |  1648 |    -39.7% |     -4.7% |     +1.3% |     +8.7% |    +12.8% |    +14.2% |     +4.5%
     70+ |  5528 |    -42.5% |     -5.0% |     -1.5% |     +5.8% |     +9.7% |    +14.2% |     +9.3%
     <25 |  9441 |    -31.4% |     +1.3% |     +4.9% |     +5.2% |     +1.9% |     -4.1% |     -5.9%
     <15 |  1822 |    -28.7% |     +5.5% |     +6.7% |    +11.8% |     +7.3% |     -1.1% |     -6.5%
      <5 |   321 |    -37.4% |     +5.2% |     +6.4% |    +14.2% |     +8.2% |     +5.8% |     -9.2%

Swing Barrier Outcomes @ 30d (HIGH/call K=2.00, LOW/put K=1.00, scaled from 30d ref)
  Bucket |     N |   p_win  p_stop   p_exp |   win_pnl  stop_pnl |       EV
---------------------------------------------------------------------------
     95+ |     6 |  100.0%    0.0%    0.0% |     +8.0%        -- |    +8.0%
     90+ |    28 |   84.0%    4.0%   12.0% |     +8.0%     -9.8% |    +5.8%
     85+ |   130 |   83.3%    4.4%   12.3% |     +5.9%    -18.7% |    +3.3%
     80+ |   543 |   73.9%    9.7%   16.4% |     +5.7%    -13.2% |    +2.2%
     75+ |  1648 |   73.9%   11.2%   14.9% |     +5.8%    -13.8% |    +2.0%
     70+ |  5528 |   73.1%   12.0%   14.9% |     +5.7%    -13.5% |    +1.9%
     <25 |  9441 |   68.4%   30.9%    0.8% |     +3.5%     -7.1% |    +0.2%
     <15 |  1822 |   70.6%   28.6%    0.8% |     +3.5%     -7.7% |    +0.2%
      <5 |   321 |   71.4%   26.7%    1.9% |     +3.5%     -7.2% |    +0.5%

Excursion Profile (side-adjusted: + favorable / - adverse)
  Bucket | Count |   MAE 30d |   MAE Win |   MFE 30d |   Cap 30d
----------------------------------------------------------------
     95+ |     6 |     -5.2% |     -5.2% |    +10.3% |      0.77
     90+ |    28 |     -5.2% |     -4.4% |     +9.5% |      0.61
     85+ |   130 |     -4.6% |     -2.7% |     +7.8% |      0.42
     80+ |   543 |     -5.3% |     -2.7% |     +8.0% |      0.27
     75+ |  1648 |     -5.5% |     -2.7% |     +7.4% |      0.28
     70+ |  5528 |     -5.6% |     -2.7% |     +7.0% |      0.26
     <25 |  9441 |     -4.7% |     -1.9% |     +4.4% |      0.04
     <15 |  1822 |     -4.8% |     -1.9% |     +4.8% |      0.05
      <5 |   321 |     -4.8% |     -1.8% |     +5.2% |      0.10

Shakeout Profile
  Bucket |    7d Win |   15d Win |   30d Win |   60d Win |    Depth | Recov
---------------------------------------------------------------------------
     95+ |     83.3% |     80.0% |    100.0% |    100.0% |   -16.7% |   30d
     90+ |     75.0% |     73.1% |     84.0% |     79.2% |    -4.2% |   30d
     85+ |     76.2% |     77.6% |     83.3% |     81.5% |    -5.3% |   30d
     80+ |     71.9% |     71.7% |     73.9% |     74.5% |    -2.6% |   --
     75+ |     70.1% |     71.8% |     73.9% |     75.1% |    -5.0% |   --
     70+ |     70.0% |     71.0% |     73.1% |     74.2% |    -4.2% |   --
     <25 |     67.1% |     68.3% |     68.4% |     67.3% |    -0.2% |   15d
     <15 |     68.5% |     68.9% |     70.6% |     69.1% |    -0.6% |   30d
      <5 |     68.4% |     68.8% |     71.4% |     69.4% |    -1.0% |   30d

Intra-Band IC (non-overlapping score bands)
  Bucket |     Band |     N |     IC 7d |    IC 15d |    IC 30d |    IC 60d
---------------------------------------------------------------------------
     95+ |   95-100 |     6 |    -0.679 |    -0.380 |    -0.379 |    -0.379
     90+ |    90-94 |    22 |    +0.111 |    -0.196 |    +0.207 |    +0.449
     85+ |    85-89 |   102 |    -0.014 |    -0.097 |    -0.254 |    -0.176
     80+ |    80-84 |   413 |    +0.039 |    +0.018 |    +0.040 |    +0.054
     75+ |    75-79 |  1105 |    -0.010 |    +0.004 |    +0.005 |    +0.024
     70+ |    70-74 |  3880 |    +0.010 |    +0.010 |    +0.010 |    +0.020
      <5 |      0-5 |   321 |    +0.101 |    +0.075 |    +0.047 |    +0.045
     <15 |     6-15 |  1501 |    -0.041 |    -0.032 |    -0.045 |    -0.027
     <25 |    16-25 |  7619 |    -0.001 |    -0.016 |    -0.012 |    -0.024

Correlation (score vs call win,     HIGH peaks): 1d=+0.024 | 7d=+0.011 | 15d=+0.016 | 30d=+0.020 | 60d=+0.020 | 90d=+0.011 | 150d=-0.009
Correlation (put strength vs put win, LOW peaks): 1d=-0.001 | 7d=+0.012 | 15d=+0.009 | 30d=+0.022 | 60d=+0.020 | 90d=+0.015 | 150d=+0.000
RTR Corr  (bucket score vs RTR win,  HIGH): 1d=+0.897 | 7d=+0.907 | 15d=+0.790 | 30d=+0.898 | 60d=+0.803 | 90d=+0.870 | 150d=+0.837
RTR Corr  (put strength  vs RTR win,  LOW): 1d=-0.674 | 7d=+0.832 | 15d=+0.778 | 30d=+0.966 | 60d=+0.924 | 90d=+0.975 | 150d=-0.939

--- 3y Window ---
Peaks: 28634

Side-adjusted EV (exit return / MFE)
  Bucket | Count |         1d ret/pk |         7d ret/pk |        15d ret/pk |        30d ret/pk |        60d ret/pk |        90d ret/pk |       150d ret/pk
------------------------------------------------------------------------------------------------------------------------------------------------------------
     95+ |     8 |    +2.5%/   +4.8% |    +3.5%/   +7.3% |    +5.7%/   +7.3% |    +8.0%/  +10.3% |   +11.3%/  +15.4% |   +13.8%/  +17.4% |   +16.8%/  +18.9%
     90+ |    35 |    +1.4%/   +4.0% |    +2.5%/   +6.7% |    +3.0%/   +7.4% |    +5.6%/   +8.8% |    +6.9%/  +11.8% |    +9.7%/  +13.9% |   +12.7%/  +15.8%
     85+ |   152 |    +1.1%/   +3.1% |    +1.8%/   +4.7% |    +2.1%/   +5.8% |    +2.9%/   +7.4% |    +3.8%/   +9.5% |    +5.1%/  +11.3% |    +6.7%/  +13.7%
     80+ |   649 |    +1.4%/   +3.4% |    +1.2%/   +4.9% |    +1.4%/   +6.0% |    +2.2%/   +7.6% |    +2.9%/   +9.7% |    +4.3%/  +11.7% |    +4.4%/  +14.1%
     75+ |  2031 |    +1.0%/   +3.0% |    +1.0%/   +4.4% |    +1.4%/   +5.6% |    +2.1%/   +7.1% |    +3.0%/   +9.2% |    +3.9%/  +11.1% |    +4.5%/  +13.6%
     70+ |  6994 |    +0.7%/   +2.6% |    +0.8%/   +4.0% |    +1.2%/   +5.1% |    +1.8%/   +6.8% |    +2.6%/   +8.9% |    +3.7%/  +10.8% |    +4.6%/  +13.3%
     <25 | 15334 |    +0.4%/   +2.6% |    +0.1%/   +3.0% |    +0.2%/   +3.5% |    +0.1%/   +4.3% |    -0.1%/   +5.4% |    -0.4%/   +6.2% |    -0.8%/   +7.6%
     <15 |  2950 |    +0.5%/   +2.8% |    +0.1%/   +3.2% |    +0.1%/   +3.7% |    +0.2%/   +4.6% |    +0.1%/   +5.8% |    -0.2%/   +6.7% |    -0.6%/   +8.2%
      <5 |   481 |    +0.9%/   +3.2% |    +0.2%/   +3.6% |    +0.3%/   +4.1% |    +0.5%/   +5.0% |    +0.4%/   +5.9% |    -0.2%/   +6.7% |    -0.8%/   +8.1%

Win Rates
  Bucket | Count |    1d Win |    7d Win |   15d Win |   30d Win |   60d Win |   90d Win |  150d Win
----------------------------------------------------------------------------------------------------
     95+ |     8 |     62.5% |     87.5% |     85.7% |    100.0% |    100.0% |    100.0% |    100.0%
     90+ |    35 |     60.0% |     77.1% |     75.8% |     84.4% |     83.9% |     89.3% |     88.0%
     85+ |   152 |     67.8% |     77.0% |     78.2% |     81.6% |     81.5% |     80.2% |     78.8%
     80+ |   649 |     61.5% |     72.3% |     71.9% |     74.0% |     75.6% |     77.0% |     74.2%
     75+ |  2031 |     59.9% |     70.9% |     71.7% |     74.0% |     75.1% |     75.9% |     74.7%
     70+ |  6994 |     59.0% |     70.5% |     71.5% |     73.5% |     74.4% |     75.7% |     75.6%
     <25 | 15334 |     56.2% |     66.9% |     68.3% |     68.2% |     66.9% |     65.2% |     64.0%
     <15 |  2950 |     57.3% |     68.0% |     69.6% |     70.4% |     69.0% |     67.1% |     65.4%
      <5 |   481 |     55.5% |     69.6% |     71.0% |     71.8% |     70.2% |     68.0% |     64.4%

RTR Win Rates  (calls floor=71.4%, puts floor=66.7%)
  Bucket | Count |    RTR 1d |    RTR 7d |   RTR 15d |   RTR 30d |   RTR 60d |   RTR 90d |  RTR 150d
----------------------------------------------------------------------------------------------------
     95+ |     8 |    -31.3% |    +56.2% |    +50.0% |   +100.0% |   +100.0% |   +100.0% |   +100.0%
     90+ |    35 |    -40.0% |    +19.8% |    +15.3% |    +45.4% |    +43.7% |    +62.5% |    +58.0%
     85+ |   152 |    -12.7% |    +19.5% |    +23.7% |    +35.6% |    +35.2% |    +30.7% |    +25.8%
     80+ |   649 |    -34.8% |     +3.0% |     +1.7% |     +9.0% |    +14.6% |    +19.5% |     +9.7%
     75+ |  2031 |    -40.4% |     -1.8% |     +1.0% |     +9.0% |    +12.8% |    +15.7% |    +11.5%
     70+ |  6994 |    -43.5% |     -3.3% |     +0.2% |     +7.2% |    +10.4% |    +15.0% |    +14.6%
     <25 | 15334 |    -31.4% |     +0.7% |     +4.9% |     +4.6% |     +0.7% |     -4.4% |     -8.0%
     <15 |  2950 |    -28.1% |     +4.0% |     +8.8% |    +11.2% |     +7.0% |     +1.3% |     -3.8%
      <5 |   481 |    -33.5% |     +8.8% |    +13.0% |    +15.4% |    +10.6% |     +4.0% |     -6.8%

Swing Barrier Outcomes @ 30d (HIGH/call K=2.00, LOW/put K=1.00, scaled from 30d ref)
  Bucket |     N |   p_win  p_stop   p_exp |   win_pnl  stop_pnl |       EV
---------------------------------------------------------------------------
     95+ |     8 |  100.0%    0.0%    0.0% |     +8.0%        -- |    +8.0%
     90+ |    35 |   84.4%    3.1%   12.5% |     +7.5%     -9.8% |    +5.6%
     85+ |   152 |   81.6%    5.1%   13.2% |     +5.7%    -18.6% |    +2.9%
     80+ |   649 |   74.0%    9.3%   16.7% |     +5.6%    -13.0% |    +2.2%
     75+ |  2031 |   74.0%   10.8%   15.1% |     +5.6%    -13.5% |    +2.1%
     70+ |  6994 |   73.5%   11.7%   14.8% |     +5.5%    -13.0% |    +1.8%
     <25 | 15334 |   68.2%   31.0%    0.9% |     +3.4%     -6.9% |    +0.1%
     <15 |  2950 |   70.4%   28.8%    0.8% |     +3.4%     -7.5% |    +0.2%
      <5 |   481 |   71.8%   26.8%    1.5% |     +3.4%     -6.9% |    +0.5%

Excursion Profile (side-adjusted: + favorable / - adverse)
  Bucket | Count |   MAE 30d |   MAE Win |   MFE 30d |   Cap 30d
----------------------------------------------------------------
     95+ |     8 |     -5.0% |     -5.0% |    +10.3% |      0.78
     90+ |    35 |     -4.8% |     -4.0% |     +8.8% |      0.64
     85+ |   152 |     -4.8% |     -2.7% |     +7.4% |      0.40
     80+ |   649 |     -5.1% |     -2.6% |     +7.6% |      0.29
     75+ |  2031 |     -5.2% |     -2.6% |     +7.1% |      0.29
     70+ |  6994 |     -5.3% |     -2.6% |     +6.8% |      0.27
     <25 | 15334 |     -4.5% |     -1.8% |     +4.3% |      0.04
     <15 |  2950 |     -4.7% |     -1.8% |     +4.6% |      0.05
      <5 |   481 |     -4.4% |     -1.8% |     +5.0% |      0.11

Shakeout Profile
  Bucket |    7d Win |   15d Win |   30d Win |   60d Win |    Depth | Recov
---------------------------------------------------------------------------
     95+ |     87.5% |     85.7% |    100.0% |    100.0% |   -12.5% |   30d
     90+ |     77.1% |     75.8% |     84.4% |     83.9% |    -6.8% |   30d
     85+ |     77.0% |     78.2% |     81.6% |     81.5% |    -4.5% |   30d
     80+ |     72.3% |     71.9% |     74.0% |     75.6% |    -3.3% |   --
     75+ |     70.9% |     71.7% |     74.0% |     75.1% |    -4.2% |   --
     70+ |     70.5% |     71.5% |     73.5% |     74.4% |    -3.9% |   --
     <25 |     66.9% |     68.3% |     68.2% |     66.9% |    +0.0% |   --
     <15 |     68.0% |     69.6% |     70.4% |     69.0% |    -1.0% |   15d
      <5 |     69.6% |     71.0% |     71.8% |     70.2% |    -0.6% |   15d

Intra-Band IC (non-overlapping score bands)
  Bucket |     Band |     N |     IC 7d |    IC 15d |    IC 30d |    IC 60d
---------------------------------------------------------------------------
     95+ |   95-100 |     8 |    -0.475 |    -0.012 |    -0.012 |    -0.012
     90+ |    90-94 |    27 |    +0.070 |    -0.213 |    +0.132 |    +0.439
     85+ |    85-89 |   117 |    +0.003 |    -0.034 |    -0.182 |    -0.129
     80+ |    80-84 |   497 |    +0.025 |    +0.020 |    +0.028 |    +0.036
     75+ |    75-79 |  1382 |    -0.010 |    -0.004 |    -0.006 |    +0.016
     70+ |    70-74 |  4963 |    +0.008 |    +0.012 |    +0.015 |    +0.019
      <5 |      0-5 |   481 |    +0.077 |    +0.057 |    +0.048 |    +0.056
     <15 |     6-15 |  2469 |    -0.035 |    -0.020 |    -0.036 |    -0.028
     <25 |    16-25 | 12384 |    -0.000 |    -0.017 |    -0.018 |    -0.027

Correlation (score vs call win,     HIGH peaks): 1d=+0.019 | 7d=+0.016 | 15d=+0.013 | 30d=+0.018 | 60d=+0.023 | 90d=+0.016 | 150d=+0.000
Correlation (put strength vs put win, LOW peaks): 1d=+0.001 | 7d=+0.012 | 15d=+0.018 | 30d=+0.027 | 60d=+0.028 | 90d=+0.027 | 150d=+0.019
RTR Corr  (bucket score vs RTR win,  HIGH): 1d=+0.402 | 7d=+0.906 | 15d=+0.863 | 30d=+0.892 | 60d=+0.880 | 90d=+0.903 | 150d=+0.868
RTR Corr  (put strength  vs RTR win,  LOW): 1d=-0.386 | 7d=+0.994 | 15d=+1.000 | 30d=+0.992 | 60d=+0.988 | 90d=+0.979 | 150d=+0.277

ΓöÇΓöÇ assess 5y ΓöÇΓöÇ
Using algorithm version v18 (17caf99)
Extracting peak scores...
Found 35455 peaks
Calculating forward returns...
Computed returns for 35413 peaks

=== Score Assessment (run #29 | v18 | 17caf99, 2026-04-17 07:58) ===
Lookback: 1825 days | Peaks: 35455 | Symbol: ALL
Vol-adjusted barrier exits ΓÇö HIGH(call) K=2.0/M=5.0 @ 30d, LOW(put) K=1.0/M=2.0 @ 30d, scaled sqrt(W/30) per period, sigma=60d | 1d=direction only

Side-adjusted EV (exit return / MFE)
  Bucket | Count |         1d ret/pk |         7d ret/pk |        15d ret/pk |        30d ret/pk |        60d ret/pk |        90d ret/pk |       150d ret/pk
------------------------------------------------------------------------------------------------------------------------------------------------------------
     95+ |    20 |    +1.7%/   +4.0% |    +2.2%/   +5.7% |    +3.3%/   +5.9% |    +4.3%/   +7.7% |    +6.4%/  +11.2% |    +7.0%/  +12.3% |    +8.8%/  +14.1%
     90+ |    71 |    +1.2%/   +3.8% |    +1.4%/   +5.4% |    +1.9%/   +5.9% |    +3.9%/   +7.5% |    +4.8%/  +10.3% |    +5.7%/  +11.5% |    +8.3%/  +13.7%
     85+ |   298 |    +0.8%/   +2.8% |    +1.3%/   +4.2% |    +1.6%/   +5.1% |    +2.3%/   +6.6% |    +3.2%/   +8.9% |    +3.8%/  +10.3% |    +4.8%/  +12.4%
     80+ |  1087 |    +1.1%/   +3.0% |    +1.0%/   +4.3% |    +1.4%/   +5.4% |    +2.1%/   +7.0% |    +2.6%/   +9.0% |    +3.5%/  +10.7% |    +3.8%/  +12.8%
     75+ |  3361 |    +0.8%/   +2.8% |    +0.9%/   +4.1% |    +1.3%/   +5.2% |    +1.8%/   +6.6% |    +2.2%/   +8.6% |    +2.8%/  +10.2% |    +3.2%/  +12.5%
     70+ | 11076 |    +0.6%/   +2.5% |    +0.7%/   +3.7% |    +1.1%/   +4.8% |    +1.5%/   +6.3% |    +2.0%/   +8.3% |    +2.6%/   +9.9% |    +3.1%/  +12.2%
     <25 | 24337 |    +0.5%/   +2.7% |    +0.1%/   +3.1% |    +0.2%/   +3.6% |    +0.3%/   +4.5% |    +0.2%/   +5.6% |    +0.0%/   +6.5% |    -0.1%/   +8.0%
     <15 |  4505 |    +0.6%/   +3.0% |    +0.1%/   +3.4% |    +0.3%/   +4.0% |    +0.5%/   +4.8% |    +0.5%/   +6.0% |    +0.3%/   +7.0% |    +0.1%/   +8.6%
      <5 |   724 |    +0.6%/   +3.1% |    -0.0%/   +3.5% |    +0.2%/   +4.1% |    +0.6%/   +5.1% |    +0.4%/   +6.2% |    +0.0%/   +7.0% |    -0.2%/   +8.5%

Win Rates
  Bucket | Count |    1d Win |    7d Win |   15d Win |   30d Win |   60d Win |   90d Win |  150d Win
----------------------------------------------------------------------------------------------------
     95+ |    20 |     65.0% |     90.0% |     89.5% |     89.5% |     89.5% |     84.2% |     83.3%
     90+ |    71 |     64.8% |     74.6% |     73.9% |     82.4% |     82.1% |     79.7% |     78.7%
     85+ |   298 |     64.4% |     74.5% |     76.1% |     78.0% |     78.6% |     76.8% |     73.9%
     80+ |  1087 |     61.1% |     73.3% |     74.1% |     75.4% |     75.1% |     74.8% |     72.1%
     75+ |  3361 |     58.4% |     71.2% |     72.9% |     73.6% |     72.8% |     72.5% |     71.0%
     70+ | 11076 |     58.0% |     70.1% |     71.4% |     71.9% |     71.8% |     72.2% |     71.4%
     <25 | 24337 |     57.1% |     67.5% |     69.0% |     69.1% |     68.1% |     67.2% |     66.6%
     <15 |  4505 |     58.5% |     68.4% |     70.9% |     72.1% |     70.5% |     68.9% |     67.8%
      <5 |   724 |     53.9% |     65.7% |     69.8% |     71.7% |     70.3% |     68.7% |     66.5%

RTR Win Rates  (calls floor=71.4%, puts floor=66.7%)
  Bucket | Count |    RTR 1d |    RTR 7d |   RTR 15d |   RTR 30d |   RTR 60d |   RTR 90d |  RTR 150d
----------------------------------------------------------------------------------------------------
     95+ |    20 |    -22.5% |    +65.0% |    +63.2% |    +63.2% |    +63.2% |    +44.7% |    +41.5%
     90+ |    71 |    -23.2% |    +11.1% |     +8.7% |    +38.4% |    +37.3% |    +29.0% |    +25.5%
     85+ |   298 |    -24.6% |    +10.7% |    +16.3% |    +23.0% |    +25.1% |    +18.8% |     +8.7%
     80+ |  1087 |    -36.2% |     +6.5% |     +9.3% |    +13.9% |    +12.8% |    +11.8% |     +2.3%
     75+ |  3361 |    -45.6% |     -0.8% |     +5.2% |     +7.6% |     +4.8% |     +3.7% |     -1.5%
     70+ | 11076 |    -47.0% |     -4.7% |     -0.1% |     +1.7% |     +1.3% |     +2.7% |     -0.1%
     <25 | 24337 |    -28.7% |     +2.5% |     +7.0% |     +7.3% |     +4.3% |     +1.6% |     -0.2%
     <15 |  4505 |    -24.5% |     +5.2% |    +12.7% |    +16.3% |    +11.5% |     +6.7% |     +3.4%
      <5 |   724 |    -38.3% |     -2.9% |     +9.4% |    +15.1% |    +10.9% |     +6.1% |     -0.5%

Swing Barrier Outcomes @ 30d (HIGH/call K=2.00, LOW/put K=1.00, scaled from 30d ref)
  Bucket |     N |   p_win  p_stop   p_exp |   win_pnl  stop_pnl |       EV
---------------------------------------------------------------------------
     95+ |    20 |   89.5%    5.3%    5.3% |     +6.0%    -18.9% |    +4.3%
     90+ |    71 |   82.4%    8.8%    8.8% |     +6.4%    -13.7% |    +3.9%
     85+ |   298 |   78.0%   10.3%   11.7% |     +5.4%    -13.2% |    +2.3%
     80+ |  1087 |   75.4%   10.9%   13.7% |     +5.4%    -12.3% |    +2.1%
     75+ |  3361 |   73.6%   12.0%   14.3% |     +5.4%    -12.8% |    +1.8%
     70+ | 11076 |   71.9%   13.2%   14.9% |     +5.3%    -12.5% |    +1.5%
     <25 | 24337 |   69.1%   30.2%    0.7% |     +3.5%     -7.2% |    +0.3%
     <15 |  4505 |   72.1%   27.1%    0.8% |     +3.6%     -7.6% |    +0.5%
      <5 |   724 |   71.7%   26.8%    1.5% |     +3.6%     -7.2% |    +0.6%

Excursion Profile (side-adjusted: + favorable / - adverse)
  Bucket | Count |   MAE 30d |   MAE Win |   MFE 30d |   Cap 30d
----------------------------------------------------------------
     95+ |    20 |     -4.5% |     -3.4% |     +7.7% |      0.57
     90+ |    71 |     -5.1% |     -3.8% |     +7.5% |      0.52
     85+ |   298 |     -5.1% |     -2.9% |     +6.6% |      0.35
     80+ |  1087 |     -5.0% |     -2.6% |     +7.0% |      0.30
     75+ |  3361 |     -5.2% |     -2.6% |     +6.6% |      0.28
     70+ | 11076 |     -5.4% |     -2.6% |     +6.3% |      0.24
     <25 | 24337 |     -4.6% |     -1.9% |     +4.5% |      0.06
     <15 |  4505 |     -4.6% |     -1.9% |     +4.8% |      0.11
      <5 |   724 |     -4.6% |     -1.9% |     +5.1% |      0.12

Shakeout Profile
  Bucket |    7d Win |   15d Win |   30d Win |   60d Win |    Depth | Recov
---------------------------------------------------------------------------
     95+ |     90.0% |     89.5% |     89.5% |     89.5% |    +0.5% |   --
     90+ |     74.6% |     73.9% |     82.4% |     82.1% |    -7.5% |   30d
     85+ |     74.5% |     76.1% |     78.0% |     78.6% |    -4.1% |   --
     80+ |     73.3% |     74.1% |     75.4% |     75.1% |    -1.8% |   30d
     75+ |     71.2% |     72.9% |     73.6% |     72.8% |    -1.6% |   15d
     70+ |     70.1% |     71.4% |     71.9% |     71.8% |    -1.7% |   30d
     <25 |     67.5% |     69.0% |     69.1% |     68.1% |    -0.6% |   15d
     <15 |     68.4% |     70.9% |     72.1% |     70.5% |    -2.1% |   15d
      <5 |     65.7% |     69.8% |     71.7% |     70.3% |    -4.6% |   30d

Intra-Band IC (non-overlapping score bands)
  Bucket |     Band |     N |     IC 7d |    IC 15d |    IC 30d |    IC 60d
---------------------------------------------------------------------------
     95+ |   95-100 |    20 |    -0.410 |    -0.268 |    -0.320 |    -0.066
     90+ |    90-94 |    51 |    +0.068 |    -0.137 |    +0.058 |    +0.233
     85+ |    85-89 |   227 |    +0.023 |    +0.009 |    -0.131 |    -0.105
     80+ |    80-84 |   789 |    -0.012 |    -0.021 |    -0.000 |    -0.000
     75+ |    75-79 |  2274 |    +0.017 |    +0.024 |    +0.009 |    +0.003
     70+ |    70-74 |  7715 |    +0.005 |    +0.004 |    +0.007 |    +0.009
      <5 |      0-5 |   724 |    +0.061 |    +0.040 |    +0.078 |    +0.092
     <15 |     6-15 |  3781 |    -0.027 |    -0.026 |    -0.037 |    -0.044
     <25 |    16-25 | 19832 |    -0.002 |    -0.007 |    -0.009 |    -0.016

Correlation (legacy, combined): 1d=+0.015 | 7d=+0.027 | 15d=+0.029 | 30d=+0.033 | 60d=+0.029 | 90d=+0.020 | 150d=+0.006
RTR Corr  (bucket score vs RTR win,  HIGH): 1d=+0.950 | 7d=+0.815 | 15d=+0.769 | 30d=+0.957 | 60d=+0.960 | 90d=+0.967 | 150d=+0.917
RTR Corr  (put strength  vs RTR win,  LOW): 1d=-0.679 | 7d=-0.655 | 15d=+0.419 | 30d=+0.798 | 60d=+0.826 | 90d=+0.807 | 150d=-0.069


--- 1y Window ---
Peaks: 8973

Side-adjusted EV (exit return / MFE)
  Bucket | Count |         1d ret/pk |         7d ret/pk |        15d ret/pk |        30d ret/pk |        60d ret/pk |        90d ret/pk |       150d ret/pk
------------------------------------------------------------------------------------------------------------------------------------------------------------
     95+ |     3 |    +7.8%/   +8.1% |    +6.3%/  +10.9% |    +7.8%/  +10.2% |   +11.0%/  +16.0% |   +15.5%/  +21.0% |   +19.0%/  +22.9% |   +24.5%/  +25.4%
     90+ |    14 |    +3.4%/   +6.7% |    +3.3%/   +9.2% |    +2.5%/   +8.9% |    +7.0%/  +10.6% |    +7.7%/  +13.4% |   +10.2%/  +17.8% |   +18.1%/  +20.3%
     85+ |    53 |    +1.4%/   +4.0% |    +2.1%/   +6.3% |    +2.1%/   +7.5% |    +2.9%/  +10.1% |    +5.8%/  +12.6% |    +6.9%/  +15.0% |   +13.0%/  +19.1%
     80+ |   208 |    +1.1%/   +3.4% |    +1.7%/   +5.5% |    +1.5%/   +6.6% |    +2.6%/   +8.8% |    +4.3%/  +11.5% |    +6.0%/  +14.6% |    +5.0%/  +17.4%
     75+ |   698 |    +1.0%/   +3.4% |    +1.3%/   +5.1% |    +1.5%/   +6.3% |    +2.4%/   +8.3% |    +4.2%/  +11.0% |    +5.9%/  +14.0% |    +6.0%/  +17.3%
     70+ |  2464 |    +0.9%/   +3.0% |    +1.0%/   +4.6% |    +1.4%/   +5.8% |    +2.2%/   +7.9% |    +3.7%/  +10.5% |    +5.6%/  +13.1% |    +6.1%/  +16.4%
     <25 |  4596 |    +0.3%/   +2.4% |    +0.1%/   +2.9% |    +0.0%/   +3.4% |    -0.1%/   +4.2% |    -0.8%/   +5.2% |    -1.7%/   +5.9% |    -3.5%/   +7.1%
     <15 |   808 |    +0.3%/   +2.5% |    +0.1%/   +3.0% |    +0.0%/   +3.5% |    -0.1%/   +4.3% |    -0.3%/   +5.6% |    -1.4%/   +6.1% |    -3.6%/   +7.3%
      <5 |   129 |    +0.6%/   +2.6% |    +0.0%/   +3.0% |    -0.1%/   +3.3% |    -0.0%/   +4.3% |    +0.3%/   +5.6% |    -1.7%/   +6.7% |    -4.5%/   +7.9%

Win Rates
  Bucket | Count |    1d Win |    7d Win |   15d Win |   30d Win |   60d Win |   90d Win |  150d Win
----------------------------------------------------------------------------------------------------
     95+ |     3 |    100.0% |    100.0% |    100.0% |    100.0% |    100.0% |    100.0% |    100.0%
     90+ |    14 |     78.6% |     85.7% |     75.0% |     81.8% |     80.0% |     85.7% |    100.0%
     85+ |    53 |     66.0% |     81.1% |     81.2% |     83.8% |     83.9% |     85.2% |     84.2%
     80+ |   208 |     66.3% |     74.8% |     71.3% |     70.8% |     73.6% |     76.7% |     68.7%
     75+ |   698 |     63.9% |     72.3% |     71.9% |     72.2% |     74.1% |     78.0% |     72.4%
     70+ |  2464 |     60.8% |     71.4% |     71.3% |     72.0% |     74.5% |     77.9% |     75.5%
     <25 |  4596 |     56.2% |     67.0% |     67.3% |     66.5% |     64.2% |     60.6% |     56.9%
     <15 |   808 |     56.4% |     66.8% |     67.4% |     68.4% |     67.0% |     61.5% |     56.4%
      <5 |   129 |     54.3% |     65.6% |     64.8% |     68.3% |     72.0% |     64.4% |     56.2%

RTR Win Rates  (calls floor=71.4%, puts floor=66.7%)
  Bucket | Count |    RTR 1d |    RTR 7d |   RTR 15d |   RTR 30d |   RTR 60d |   RTR 90d |  RTR 150d
----------------------------------------------------------------------------------------------------
     95+ |     3 |   +100.0% |   +100.0% |   +100.0% |   +100.0% |   +100.0% |   +100.0% |   +100.0%
     90+ |    14 |    +25.1% |    +50.0% |    +12.5% |    +36.3% |    +30.0% |    +50.0% |   +100.0%
     85+ |    53 |    -19.0% |    +33.8% |    +34.2% |    +43.3% |    +43.7% |    +48.2% |    +44.7%
     80+ |   208 |    -18.0% |    +11.8% |     -0.5% |     -2.2% |     +7.6% |    +18.5% |     -9.5%
     75+ |   698 |    -26.4% |     +3.0% |     +1.7% |     +2.7% |     +9.3% |    +23.0% |     +3.4%
     70+ |  2464 |    -37.2% |     -0.1% |     -0.5% |     +2.0% |    +10.7% |    +22.7% |    +14.2%
     <25 |  4596 |    -31.4% |     +1.0% |     +1.9% |     -0.5% |     -7.4% |    -18.2% |    -29.3%
     <15 |   808 |    -30.8% |     +0.4% |     +2.2% |     +5.2% |     +1.0% |    -15.5% |    -30.8%
      <5 |   129 |    -37.1% |     -3.2% |     -5.6% |     +4.9% |    +16.0% |     -6.8% |    -31.4%

Swing Barrier Outcomes @ 30d (HIGH/call K=2.00, LOW/put K=1.00, scaled from 30d ref)
  Bucket |     N |   p_win  p_stop   p_exp |   win_pnl  stop_pnl |       EV
---------------------------------------------------------------------------
     95+ |     3 |  100.0%    0.0%    0.0% |    +11.0%        -- |   +11.0%
     90+ |    14 |   81.8%    0.0%   18.2% |     +9.8%        -- |    +7.0%
     85+ |    53 |   83.8%    5.4%   10.8% |     +7.2%    -31.5% |    +2.9%
     80+ |   208 |   70.8%    9.4%   19.9% |     +7.1%    -14.3% |    +2.6%
     75+ |   698 |   72.2%   11.0%   16.8% |     +6.9%    -15.4% |    +2.4%
     70+ |  2464 |   72.0%   11.2%   16.8% |     +6.6%    -15.6% |    +2.2%
     <25 |  4596 |   66.5%   32.7%    0.8% |     +3.4%     -7.2% |    -0.1%
     <15 |   808 |   68.4%   30.9%    0.6% |     +3.3%     -7.4% |    -0.1%
      <5 |   129 |   68.3%   30.2%    1.6% |     +3.3%     -7.7% |    -0.0%

Excursion Profile (side-adjusted: + favorable / - adverse)
  Bucket | Count |   MAE 30d |   MAE Win |   MFE 30d |   Cap 30d
----------------------------------------------------------------
     95+ |     3 |     -6.6% |     -6.6% |    +16.0% |      0.69
     90+ |    14 |     -5.3% |     -4.1% |    +10.6% |      0.66
     85+ |    53 |     -6.0% |     -2.8% |    +10.1% |      0.29
     80+ |   208 |     -6.7% |     -3.6% |     +8.8% |      0.29
     75+ |   698 |     -6.4% |     -3.3% |     +8.3% |      0.29
     70+ |  2464 |     -6.3% |     -3.0% |     +7.9% |      0.28
     <25 |  4596 |     -4.6% |     -1.8% |     +4.2% |     -0.04
     <15 |   808 |     -4.6% |     -1.8% |     +4.3% |     -0.01
      <5 |   129 |     -4.7% |     -1.9% |     +4.3% |     -0.01

Shakeout Profile
  Bucket |    7d Win |   15d Win |   30d Win |   60d Win |    Depth | Recov
---------------------------------------------------------------------------
     95+ |    100.0% |    100.0% |    100.0% |    100.0% |    +0.0% |   --
     90+ |     85.7% |     75.0% |     81.8% |     80.0% |    +5.7% |   --
     85+ |     81.1% |     81.2% |     83.8% |     83.9% |    -2.8% |   --
     80+ |     74.8% |     71.3% |     70.8% |     73.6% |    +1.2% |   --
     75+ |     72.3% |     71.9% |     72.2% |     74.1% |    -1.8% |   --
     70+ |     71.4% |     71.3% |     72.0% |     74.5% |    -3.1% |   --
     <25 |     67.0% |     67.3% |     66.5% |     64.2% |    +2.8% |   --
     <15 |     66.8% |     67.4% |     68.4% |     67.0% |    -0.2% |   15d
      <5 |     65.6% |     64.8% |     68.3% |     72.0% |    -6.4% |   --

Intra-Band IC (non-overlapping score bands)
  Bucket |     Band |     N |     IC 7d |    IC 15d |    IC 30d |    IC 60d
---------------------------------------------------------------------------
     90+ |    90-94 |    11 |    +0.179 |    -0.233 |    +0.134 |    +0.412
     85+ |    85-89 |    39 |    -0.073 |    -0.262 |    -0.500 |    -0.382
     80+ |    80-84 |   155 |    +0.000 |    +0.070 |    +0.068 |    +0.111
     75+ |    75-79 |   490 |    -0.003 |    -0.025 |    -0.048 |    -0.017
     70+ |    70-74 |  1766 |    +0.010 |    +0.016 |    +0.013 |    +0.045
      <5 |      0-5 |   129 |    -0.000 |    -0.010 |    -0.063 |    -0.104
     <15 |     6-15 |   679 |    -0.002 |    -0.007 |    -0.014 |    -0.031
     <25 |    16-25 |  3788 |    +0.005 |    -0.029 |    -0.037 |    -0.043

Correlation (score vs call win,     HIGH peaks): 1d=+0.044 | 7d=+0.030 | 15d=+0.015 | 30d=+0.004 | 60d=+0.005 | 90d=+0.009 | 150d=-0.035
Correlation (put strength vs put win, LOW peaks): 1d=-0.007 | 7d=-0.008 | 15d=+0.004 | 30d=+0.026 | 60d=+0.044 | 90d=+0.021 | 150d=-0.001
RTR Corr  (bucket score vs RTR win,  HIGH): 1d=+0.870 | 7d=+0.933 | 15d=+0.775 | 30d=+0.868 | 60d=+0.819 | 90d=+0.864 | 150d=+0.856
RTR Corr  (put strength  vs RTR win,  LOW): 1d=-0.820 | 7d=-0.924 | 15d=-0.849 | 30d=+0.842 | 60d=+0.987 | 90d=+0.957 | 150d=-0.971

--- 2y Window ---
Peaks: 19467

Side-adjusted EV (exit return / MFE)
  Bucket | Count |         1d ret/pk |         7d ret/pk |        15d ret/pk |        30d ret/pk |        60d ret/pk |        90d ret/pk |       150d ret/pk
------------------------------------------------------------------------------------------------------------------------------------------------------------
     95+ |     6 |    +3.8%/   +4.8% |    +3.4%/   +7.3% |    +5.6%/   +7.3% |    +8.0%/  +10.3% |   +11.2%/  +16.4% |   +13.8%/  +18.1% |   +16.1%/  +17.6%
     90+ |    28 |    +1.8%/   +4.3% |    +2.5%/   +7.2% |    +2.9%/   +8.0% |    +5.8%/   +9.5% |    +6.4%/  +12.1% |    +9.3%/  +14.4% |   +12.3%/  +16.0%
     85+ |   130 |    +1.4%/   +3.2% |    +1.9%/   +4.9% |    +2.3%/   +6.1% |    +3.3%/   +7.8% |    +3.8%/   +9.7% |    +5.0%/  +11.5% |    +6.3%/  +13.9%
     80+ |   543 |    +1.5%/   +3.6% |    +1.2%/   +5.2% |    +1.4%/   +6.4% |    +2.2%/   +8.0% |    +2.6%/  +10.1% |    +4.1%/  +12.2% |    +3.6%/  +14.5%
     75+ |  1648 |    +1.1%/   +3.1% |    +1.0%/   +4.6% |    +1.4%/   +5.8% |    +2.0%/   +7.4% |    +2.9%/   +9.5% |    +3.8%/  +11.5% |    +4.0%/  +13.9%
     70+ |  5528 |    +0.8%/   +2.7% |    +0.8%/   +4.1% |    +1.3%/   +5.3% |    +1.9%/   +7.0% |    +2.6%/   +9.2% |    +3.7%/  +11.2% |    +4.4%/  +13.8%
     <25 |  9441 |    +0.4%/   +2.6% |    +0.1%/   +3.0% |    +0.2%/   +3.6% |    +0.2%/   +4.4% |    -0.0%/   +5.6% |    -0.5%/   +6.5% |    -0.9%/   +7.9%
     <15 |  1822 |    +0.5%/   +2.9% |    +0.1%/   +3.3% |    +0.1%/   +3.8% |    +0.2%/   +4.8% |    +0.2%/   +6.0% |    -0.3%/   +6.9% |    -1.0%/   +8.4%
      <5 |   321 |    +1.0%/   +3.4% |    +0.1%/   +3.8% |    +0.2%/   +4.2% |    +0.5%/   +5.2% |    +0.3%/   +6.2% |    -0.1%/   +7.2% |    -1.2%/   +8.4%

Win Rates
  Bucket | Count |    1d Win |    7d Win |   15d Win |   30d Win |   60d Win |   90d Win |  150d Win
----------------------------------------------------------------------------------------------------
     95+ |     6 |     83.3% |     83.3% |     80.0% |    100.0% |    100.0% |    100.0% |    100.0%
     90+ |    28 |     67.9% |     75.0% |     73.1% |     84.0% |     79.2% |     85.7% |     83.3%
     85+ |   130 |     70.8% |     76.2% |     77.6% |     83.3% |     81.5% |     79.8% |     78.1%
     80+ |   543 |     62.1% |     71.9% |     71.7% |     73.9% |     74.5% |     75.6% |     71.5%
     75+ |  1648 |     60.1% |     70.1% |     71.8% |     73.9% |     75.1% |     75.5% |     72.7%
     70+ |  5528 |     59.3% |     70.0% |     71.0% |     73.1% |     74.2% |     75.5% |     74.1%
     <25 |  9441 |     56.2% |     67.1% |     68.3% |     68.4% |     67.3% |     65.3% |     64.7%
     <15 |  1822 |     57.1% |     68.5% |     68.9% |     70.6% |     69.1% |     66.3% |     64.5%
      <5 |   321 |     54.2% |     68.4% |     68.8% |     71.4% |     69.4% |     68.6% |     63.6%

RTR Win Rates  (calls floor=71.4%, puts floor=66.7%)
  Bucket | Count |    RTR 1d |    RTR 7d |   RTR 15d |   RTR 30d |   RTR 60d |   RTR 90d |  RTR 150d
----------------------------------------------------------------------------------------------------
     95+ |     6 |    +41.5% |    +41.5% |    +30.0% |   +100.0% |   +100.0% |   +100.0% |   +100.0%
     90+ |    28 |    -12.3% |    +12.5% |     +5.8% |    +44.0% |    +27.2% |    +50.0% |    +41.5%
     85+ |   130 |     -2.2% |    +16.7% |    +21.6% |    +41.5% |    +35.2% |    +29.3% |    +23.3%
     80+ |   543 |    -32.7% |     +1.7% |     +1.0% |     +8.7% |    +10.7% |    +14.6% |     +0.2%
     75+ |  1648 |    -39.7% |     -4.7% |     +1.3% |     +8.7% |    +12.8% |    +14.2% |     +4.5%
     70+ |  5528 |    -42.5% |     -5.0% |     -1.5% |     +5.8% |     +9.7% |    +14.2% |     +9.3%
     <25 |  9441 |    -31.4% |     +1.3% |     +4.9% |     +5.2% |     +1.9% |     -4.1% |     -5.9%
     <15 |  1822 |    -28.7% |     +5.5% |     +6.7% |    +11.8% |     +7.3% |     -1.1% |     -6.5%
      <5 |   321 |    -37.4% |     +5.2% |     +6.4% |    +14.2% |     +8.2% |     +5.8% |     -9.2%

Swing Barrier Outcomes @ 30d (HIGH/call K=2.00, LOW/put K=1.00, scaled from 30d ref)
  Bucket |     N |   p_win  p_stop   p_exp |   win_pnl  stop_pnl |       EV
---------------------------------------------------------------------------
     95+ |     6 |  100.0%    0.0%    0.0% |     +8.0%        -- |    +8.0%
     90+ |    28 |   84.0%    4.0%   12.0% |     +8.0%     -9.8% |    +5.8%
     85+ |   130 |   83.3%    4.4%   12.3% |     +5.9%    -18.7% |    +3.3%
     80+ |   543 |   73.9%    9.7%   16.4% |     +5.7%    -13.2% |    +2.2%
     75+ |  1648 |   73.9%   11.2%   14.9% |     +5.8%    -13.8% |    +2.0%
     70+ |  5528 |   73.1%   12.0%   14.9% |     +5.7%    -13.5% |    +1.9%
     <25 |  9441 |   68.4%   30.9%    0.8% |     +3.5%     -7.1% |    +0.2%
     <15 |  1822 |   70.6%   28.6%    0.8% |     +3.5%     -7.7% |    +0.2%
      <5 |   321 |   71.4%   26.7%    1.9% |     +3.5%     -7.2% |    +0.5%

Excursion Profile (side-adjusted: + favorable / - adverse)
  Bucket | Count |   MAE 30d |   MAE Win |   MFE 30d |   Cap 30d
----------------------------------------------------------------
     95+ |     6 |     -5.2% |     -5.2% |    +10.3% |      0.77
     90+ |    28 |     -5.2% |     -4.4% |     +9.5% |      0.61
     85+ |   130 |     -4.6% |     -2.7% |     +7.8% |      0.42
     80+ |   543 |     -5.3% |     -2.7% |     +8.0% |      0.27
     75+ |  1648 |     -5.5% |     -2.7% |     +7.4% |      0.28
     70+ |  5528 |     -5.6% |     -2.7% |     +7.0% |      0.26
     <25 |  9441 |     -4.7% |     -1.9% |     +4.4% |      0.04
     <15 |  1822 |     -4.8% |     -1.9% |     +4.8% |      0.05
      <5 |   321 |     -4.8% |     -1.8% |     +5.2% |      0.10

Shakeout Profile
  Bucket |    7d Win |   15d Win |   30d Win |   60d Win |    Depth | Recov
---------------------------------------------------------------------------
     95+ |     83.3% |     80.0% |    100.0% |    100.0% |   -16.7% |   30d
     90+ |     75.0% |     73.1% |     84.0% |     79.2% |    -4.2% |   30d
     85+ |     76.2% |     77.6% |     83.3% |     81.5% |    -5.3% |   30d
     80+ |     71.9% |     71.7% |     73.9% |     74.5% |    -2.6% |   --
     75+ |     70.1% |     71.8% |     73.9% |     75.1% |    -5.0% |   --
     70+ |     70.0% |     71.0% |     73.1% |     74.2% |    -4.2% |   --
     <25 |     67.1% |     68.3% |     68.4% |     67.3% |    -0.2% |   15d
     <15 |     68.5% |     68.9% |     70.6% |     69.1% |    -0.6% |   30d
      <5 |     68.4% |     68.8% |     71.4% |     69.4% |    -1.0% |   30d

Intra-Band IC (non-overlapping score bands)
  Bucket |     Band |     N |     IC 7d |    IC 15d |    IC 30d |    IC 60d
---------------------------------------------------------------------------
     95+ |   95-100 |     6 |    -0.679 |    -0.380 |    -0.379 |    -0.379
     90+ |    90-94 |    22 |    +0.111 |    -0.196 |    +0.207 |    +0.449
     85+ |    85-89 |   102 |    -0.014 |    -0.097 |    -0.254 |    -0.176
     80+ |    80-84 |   413 |    +0.039 |    +0.018 |    +0.040 |    +0.054
     75+ |    75-79 |  1105 |    -0.010 |    +0.004 |    +0.005 |    +0.024
     70+ |    70-74 |  3880 |    +0.010 |    +0.010 |    +0.010 |    +0.020
      <5 |      0-5 |   321 |    +0.101 |    +0.075 |    +0.047 |    +0.045
     <15 |     6-15 |  1501 |    -0.041 |    -0.032 |    -0.045 |    -0.027
     <25 |    16-25 |  7619 |    -0.001 |    -0.016 |    -0.012 |    -0.024

Correlation (score vs call win,     HIGH peaks): 1d=+0.024 | 7d=+0.011 | 15d=+0.016 | 30d=+0.020 | 60d=+0.020 | 90d=+0.011 | 150d=-0.009
Correlation (put strength vs put win, LOW peaks): 1d=-0.001 | 7d=+0.012 | 15d=+0.009 | 30d=+0.022 | 60d=+0.020 | 90d=+0.015 | 150d=+0.000
RTR Corr  (bucket score vs RTR win,  HIGH): 1d=+0.897 | 7d=+0.907 | 15d=+0.790 | 30d=+0.898 | 60d=+0.803 | 90d=+0.870 | 150d=+0.837
RTR Corr  (put strength  vs RTR win,  LOW): 1d=-0.674 | 7d=+0.832 | 15d=+0.778 | 30d=+0.966 | 60d=+0.924 | 90d=+0.975 | 150d=-0.939

--- 3y Window ---
Peaks: 28554

Side-adjusted EV (exit return / MFE)
  Bucket | Count |         1d ret/pk |         7d ret/pk |        15d ret/pk |        30d ret/pk |        60d ret/pk |        90d ret/pk |       150d ret/pk
------------------------------------------------------------------------------------------------------------------------------------------------------------
     95+ |     8 |    +2.5%/   +4.8% |    +3.5%/   +7.3% |    +5.7%/   +7.3% |    +8.0%/  +10.3% |   +11.3%/  +15.4% |   +13.8%/  +17.4% |   +16.8%/  +18.9%
     90+ |    35 |    +1.4%/   +4.0% |    +2.5%/   +6.7% |    +3.0%/   +7.4% |    +5.6%/   +8.8% |    +6.9%/  +11.8% |    +9.7%/  +13.9% |   +12.7%/  +15.8%
     85+ |   152 |    +1.1%/   +3.1% |    +1.8%/   +4.7% |    +2.1%/   +5.8% |    +2.9%/   +7.4% |    +3.8%/   +9.5% |    +5.1%/  +11.3% |    +6.7%/  +13.7%
     80+ |   649 |    +1.4%/   +3.4% |    +1.2%/   +4.9% |    +1.4%/   +6.0% |    +2.2%/   +7.6% |    +2.9%/   +9.7% |    +4.3%/  +11.7% |    +4.4%/  +14.1%
     75+ |  2031 |    +1.0%/   +3.0% |    +1.0%/   +4.4% |    +1.4%/   +5.6% |    +2.1%/   +7.1% |    +3.0%/   +9.2% |    +3.9%/  +11.1% |    +4.5%/  +13.6%
     70+ |  6994 |    +0.7%/   +2.6% |    +0.8%/   +4.0% |    +1.2%/   +5.1% |    +1.8%/   +6.8% |    +2.6%/   +8.9% |    +3.7%/  +10.8% |    +4.6%/  +13.3%
     <25 | 15270 |    +0.4%/   +2.6% |    +0.1%/   +3.0% |    +0.1%/   +3.5% |    +0.1%/   +4.3% |    -0.1%/   +5.4% |    -0.4%/   +6.2% |    -0.8%/   +7.6%
     <15 |  2935 |    +0.5%/   +2.8% |    +0.1%/   +3.2% |    +0.1%/   +3.7% |    +0.2%/   +4.6% |    +0.1%/   +5.8% |    -0.2%/   +6.7% |    -0.6%/   +8.1%
      <5 |   480 |    +0.9%/   +3.2% |    +0.2%/   +3.6% |    +0.3%/   +4.0% |    +0.6%/   +5.0% |    +0.4%/   +5.9% |    -0.1%/   +6.7% |    -0.8%/   +8.1%

Win Rates
  Bucket | Count |    1d Win |    7d Win |   15d Win |   30d Win |   60d Win |   90d Win |  150d Win
----------------------------------------------------------------------------------------------------
     95+ |     8 |     62.5% |     87.5% |     85.7% |    100.0% |    100.0% |    100.0% |    100.0%
     90+ |    35 |     60.0% |     77.1% |     75.8% |     84.4% |     83.9% |     89.3% |     88.0%
     85+ |   152 |     67.8% |     77.0% |     78.2% |     81.6% |     81.5% |     80.2% |     78.8%
     80+ |   649 |     61.5% |     72.3% |     71.9% |     74.0% |     75.6% |     77.0% |     74.2%
     75+ |  2031 |     59.9% |     70.9% |     71.7% |     74.0% |     75.1% |     75.9% |     74.7%
     70+ |  6994 |     59.0% |     70.5% |     71.5% |     73.5% |     74.4% |     75.7% |     75.6%
     <25 | 15270 |     56.3% |     66.8% |     68.2% |     68.1% |     66.8% |     65.2% |     64.0%
     <15 |  2935 |     57.2% |     67.9% |     69.4% |     70.3% |     68.9% |     67.0% |     65.4%
      <5 |   480 |     55.4% |     69.5% |     71.0% |     71.9% |     70.4% |     68.1% |     64.5%

RTR Win Rates  (calls floor=71.4%, puts floor=66.7%)
  Bucket | Count |    RTR 1d |    RTR 7d |   RTR 15d |   RTR 30d |   RTR 60d |   RTR 90d |  RTR 150d
----------------------------------------------------------------------------------------------------
     95+ |     8 |    -31.3% |    +56.2% |    +50.0% |   +100.0% |   +100.0% |   +100.0% |   +100.0%
     90+ |    35 |    -40.0% |    +19.8% |    +15.3% |    +45.4% |    +43.7% |    +62.5% |    +58.0%
     85+ |   152 |    -12.7% |    +19.5% |    +23.7% |    +35.6% |    +35.2% |    +30.7% |    +25.8%
     80+ |   649 |    -34.8% |     +3.0% |     +1.7% |     +9.0% |    +14.6% |    +19.5% |     +9.7%
     75+ |  2031 |    -40.4% |     -1.8% |     +1.0% |     +9.0% |    +12.8% |    +15.7% |    +11.5%
     70+ |  6994 |    -43.5% |     -3.3% |     +0.2% |     +7.2% |    +10.4% |    +15.0% |    +14.6%
     <25 | 15270 |    -31.1% |     +0.4% |     +4.6% |     +4.3% |     +0.4% |     -4.4% |     -8.0%
     <15 |  2935 |    -28.4% |     +3.7% |     +8.2% |    +10.9% |     +6.7% |     +1.0% |     -3.8%
      <5 |   480 |    -33.8% |     +8.5% |    +13.0% |    +15.7% |    +11.2% |     +4.3% |     -6.5%

Swing Barrier Outcomes @ 30d (HIGH/call K=2.00, LOW/put K=1.00, scaled from 30d ref)
  Bucket |     N |   p_win  p_stop   p_exp |   win_pnl  stop_pnl |       EV
---------------------------------------------------------------------------
     95+ |     8 |  100.0%    0.0%    0.0% |     +8.0%        -- |    +8.0%
     90+ |    35 |   84.4%    3.1%   12.5% |     +7.5%     -9.8% |    +5.6%
     85+ |   152 |   81.6%    5.1%   13.2% |     +5.7%    -18.6% |    +2.9%
     80+ |   649 |   74.0%    9.3%   16.7% |     +5.6%    -13.0% |    +2.2%
     75+ |  2031 |   74.0%   10.8%   15.1% |     +5.6%    -13.5% |    +2.1%
     70+ |  6994 |   73.5%   11.7%   14.8% |     +5.5%    -13.0% |    +1.8%
     <25 | 15270 |   68.1%   31.1%    0.9% |     +3.4%     -6.9% |    +0.1%
     <15 |  2935 |   70.3%   29.0%    0.8% |     +3.4%     -7.5% |    +0.2%
      <5 |   480 |   71.9%   26.8%    1.3% |     +3.4%     -6.9% |    +0.6%

Excursion Profile (side-adjusted: + favorable / - adverse)
  Bucket | Count |   MAE 30d |   MAE Win |   MFE 30d |   Cap 30d
----------------------------------------------------------------
     95+ |     8 |     -5.0% |     -5.0% |    +10.3% |      0.78
     90+ |    35 |     -4.8% |     -4.0% |     +8.8% |      0.64
     85+ |   152 |     -4.8% |     -2.7% |     +7.4% |      0.40
     80+ |   649 |     -5.1% |     -2.6% |     +7.6% |      0.29
     75+ |  2031 |     -5.2% |     -2.6% |     +7.1% |      0.29
     70+ |  6994 |     -5.3% |     -2.6% |     +6.8% |      0.27
     <25 | 15270 |     -4.5% |     -1.8% |     +4.3% |      0.03
     <15 |  2935 |     -4.7% |     -1.8% |     +4.6% |      0.05
      <5 |   480 |     -4.4% |     -1.8% |     +5.0% |      0.11

Shakeout Profile
  Bucket |    7d Win |   15d Win |   30d Win |   60d Win |    Depth | Recov
---------------------------------------------------------------------------
     95+ |     87.5% |     85.7% |    100.0% |    100.0% |   -12.5% |   30d
     90+ |     77.1% |     75.8% |     84.4% |     83.9% |    -6.8% |   30d
     85+ |     77.0% |     78.2% |     81.6% |     81.5% |    -4.5% |   30d
     80+ |     72.3% |     71.9% |     74.0% |     75.6% |    -3.3% |   --
     75+ |     70.9% |     71.7% |     74.0% |     75.1% |    -4.2% |   --
     70+ |     70.5% |     71.5% |     73.5% |     74.4% |    -3.9% |   --
     <25 |     66.8% |     68.2% |     68.1% |     66.8% |    +0.0% |   --
     <15 |     67.9% |     69.4% |     70.3% |     68.9% |    -1.0% |   15d
      <5 |     69.5% |     71.0% |     71.9% |     70.4% |    -0.9% |   15d

Intra-Band IC (non-overlapping score bands)
  Bucket |     Band |     N |     IC 7d |    IC 15d |    IC 30d |    IC 60d
---------------------------------------------------------------------------
     95+ |   95-100 |     8 |    -0.475 |    -0.012 |    -0.012 |    -0.012
     90+ |    90-94 |    27 |    +0.070 |    -0.213 |    +0.132 |    +0.439
     85+ |    85-89 |   117 |    +0.003 |    -0.034 |    -0.182 |    -0.129
     80+ |    80-84 |   497 |    +0.025 |    +0.020 |    +0.028 |    +0.036
     75+ |    75-79 |  1382 |    -0.010 |    -0.004 |    -0.006 |    +0.016
     70+ |    70-74 |  4963 |    +0.008 |    +0.012 |    +0.015 |    +0.019
      <5 |      0-5 |   480 |    +0.081 |    +0.061 |    +0.045 |    +0.051
     <15 |     6-15 |  2455 |    -0.035 |    -0.020 |    -0.035 |    -0.027
     <25 |    16-25 | 12335 |    -0.000 |    -0.016 |    -0.017 |    -0.027

Correlation (score vs call win,     HIGH peaks): 1d=+0.019 | 7d=+0.016 | 15d=+0.013 | 30d=+0.018 | 60d=+0.023 | 90d=+0.016 | 150d=+0.000
Correlation (put strength vs put win, LOW peaks): 1d=+0.001 | 7d=+0.011 | 15d=+0.018 | 30d=+0.027 | 60d=+0.028 | 90d=+0.027 | 150d=+0.020
RTR Corr  (bucket score vs RTR win,  HIGH): 1d=+0.402 | 7d=+0.906 | 15d=+0.863 | 30d=+0.892 | 60d=+0.880 | 90d=+0.903 | 150d=+0.868
RTR Corr  (put strength  vs RTR win,  LOW): 1d=-0.500 | 7d=+0.994 | 15d=+0.997 | 30d=+0.996 | 60d=+0.995 | 90d=+0.990 | 150d=+0.352

--- 5y Window ---
Peaks: 45479

Side-adjusted EV (exit return / MFE)
  Bucket | Count |         1d ret/pk |         7d ret/pk |        15d ret/pk |        30d ret/pk |        60d ret/pk |        90d ret/pk |       150d ret/pk
------------------------------------------------------------------------------------------------------------------------------------------------------------
     95+ |    20 |    +1.7%/   +4.0% |    +2.2%/   +5.7% |    +3.3%/   +5.9% |    +4.3%/   +7.7% |    +6.4%/  +11.2% |    +7.0%/  +12.3% |    +8.8%/  +14.1%
     90+ |    71 |    +1.2%/   +3.8% |    +1.4%/   +5.4% |    +1.9%/   +5.9% |    +3.9%/   +7.5% |    +4.8%/  +10.3% |    +5.7%/  +11.5% |    +8.3%/  +13.7%
     85+ |   298 |    +0.8%/   +2.8% |    +1.3%/   +4.2% |    +1.6%/   +5.1% |    +2.3%/   +6.6% |    +3.2%/   +8.9% |    +3.8%/  +10.3% |    +4.8%/  +12.4%
     80+ |  1087 |    +1.1%/   +3.0% |    +1.0%/   +4.3% |    +1.4%/   +5.4% |    +2.1%/   +7.0% |    +2.6%/   +9.0% |    +3.5%/  +10.7% |    +3.8%/  +12.8%
     75+ |  3361 |    +0.8%/   +2.8% |    +0.9%/   +4.1% |    +1.3%/   +5.2% |    +1.8%/   +6.6% |    +2.2%/   +8.6% |    +2.8%/  +10.2% |    +3.2%/  +12.5%
     70+ | 11076 |    +0.6%/   +2.5% |    +0.7%/   +3.7% |    +1.1%/   +4.8% |    +1.5%/   +6.3% |    +2.0%/   +8.3% |    +2.6%/   +9.9% |    +3.1%/  +12.2%
     <25 | 24337 |    +0.5%/   +2.7% |    +0.1%/   +3.1% |    +0.2%/   +3.6% |    +0.3%/   +4.5% |    +0.2%/   +5.6% |    +0.0%/   +6.5% |    -0.1%/   +8.0%
     <15 |  4505 |    +0.6%/   +3.0% |    +0.1%/   +3.4% |    +0.3%/   +4.0% |    +0.5%/   +4.8% |    +0.5%/   +6.0% |    +0.3%/   +7.0% |    +0.1%/   +8.6%
      <5 |   724 |    +0.6%/   +3.1% |    -0.0%/   +3.5% |    +0.2%/   +4.1% |    +0.6%/   +5.1% |    +0.4%/   +6.2% |    +0.0%/   +7.0% |    -0.2%/   +8.5%

Win Rates
  Bucket | Count |    1d Win |    7d Win |   15d Win |   30d Win |   60d Win |   90d Win |  150d Win
----------------------------------------------------------------------------------------------------
     95+ |    20 |     65.0% |     90.0% |     89.5% |     89.5% |     89.5% |     84.2% |     83.3%
     90+ |    71 |     64.8% |     74.6% |     73.9% |     82.4% |     82.1% |     79.7% |     78.7%
     85+ |   298 |     64.4% |     74.5% |     76.1% |     78.0% |     78.6% |     76.8% |     73.9%
     80+ |  1087 |     61.1% |     73.3% |     74.1% |     75.4% |     75.1% |     74.8% |     72.1%
     75+ |  3361 |     58.4% |     71.2% |     72.9% |     73.6% |     72.8% |     72.5% |     71.0%
     70+ | 11076 |     58.0% |     70.1% |     71.4% |     71.9% |     71.8% |     72.2% |     71.4%
     <25 | 24337 |     57.1% |     67.5% |     69.0% |     69.1% |     68.1% |     67.2% |     66.6%
     <15 |  4505 |     58.5% |     68.4% |     70.9% |     72.1% |     70.5% |     68.9% |     67.8%
      <5 |   724 |     53.9% |     65.7% |     69.8% |     71.7% |     70.3% |     68.7% |     66.5%

RTR Win Rates  (calls floor=71.4%, puts floor=66.7%)
  Bucket | Count |    RTR 1d |    RTR 7d |   RTR 15d |   RTR 30d |   RTR 60d |   RTR 90d |  RTR 150d
----------------------------------------------------------------------------------------------------
     95+ |    20 |    -22.5% |    +65.0% |    +63.2% |    +63.2% |    +63.2% |    +44.7% |    +41.5%
     90+ |    71 |    -23.2% |    +11.1% |     +8.7% |    +38.4% |    +37.3% |    +29.0% |    +25.5%
     85+ |   298 |    -24.6% |    +10.7% |    +16.3% |    +23.0% |    +25.1% |    +18.8% |     +8.7%
     80+ |  1087 |    -36.2% |     +6.5% |     +9.3% |    +13.9% |    +12.8% |    +11.8% |     +2.3%
     75+ |  3361 |    -45.6% |     -0.8% |     +5.2% |     +7.6% |     +4.8% |     +3.7% |     -1.5%
     70+ | 11076 |    -47.0% |     -4.7% |     -0.1% |     +1.7% |     +1.3% |     +2.7% |     -0.1%
     <25 | 24337 |    -28.7% |     +2.5% |     +7.0% |     +7.3% |     +4.3% |     +1.6% |     -0.2%
     <15 |  4505 |    -24.5% |     +5.2% |    +12.7% |    +16.3% |    +11.5% |     +6.7% |     +3.4%
      <5 |   724 |    -38.3% |     -2.9% |     +9.4% |    +15.1% |    +10.9% |     +6.1% |     -0.5%

Swing Barrier Outcomes @ 30d (HIGH/call K=2.00, LOW/put K=1.00, scaled from 30d ref)
  Bucket |     N |   p_win  p_stop   p_exp |   win_pnl  stop_pnl |       EV
---------------------------------------------------------------------------
     95+ |    20 |   89.5%    5.3%    5.3% |     +6.0%    -18.9% |    +4.3%
     90+ |    71 |   82.4%    8.8%    8.8% |     +6.4%    -13.7% |    +3.9%
     85+ |   298 |   78.0%   10.3%   11.7% |     +5.4%    -13.2% |    +2.3%
     80+ |  1087 |   75.4%   10.9%   13.7% |     +5.4%    -12.3% |    +2.1%
     75+ |  3361 |   73.6%   12.0%   14.3% |     +5.4%    -12.8% |    +1.8%
     70+ | 11076 |   71.9%   13.2%   14.9% |     +5.3%    -12.5% |    +1.5%
     <25 | 24337 |   69.1%   30.2%    0.7% |     +3.5%     -7.2% |    +0.3%
     <15 |  4505 |   72.1%   27.1%    0.8% |     +3.6%     -7.6% |    +0.5%
      <5 |   724 |   71.7%   26.8%    1.5% |     +3.6%     -7.2% |    +0.6%

Excursion Profile (side-adjusted: + favorable / - adverse)
  Bucket | Count |   MAE 30d |   MAE Win |   MFE 30d |   Cap 30d
----------------------------------------------------------------
     95+ |    20 |     -4.5% |     -3.4% |     +7.7% |      0.57
     90+ |    71 |     -5.1% |     -3.8% |     +7.5% |      0.52
     85+ |   298 |     -5.1% |     -2.9% |     +6.6% |      0.35
     80+ |  1087 |     -5.0% |     -2.6% |     +7.0% |      0.30
     75+ |  3361 |     -5.2% |     -2.6% |     +6.6% |      0.28
     70+ | 11076 |     -5.4% |     -2.6% |     +6.3% |      0.24
     <25 | 24337 |     -4.6% |     -1.9% |     +4.5% |      0.06
     <15 |  4505 |     -4.6% |     -1.9% |     +4.8% |      0.11
      <5 |   724 |     -4.6% |     -1.9% |     +5.1% |      0.12

Shakeout Profile
  Bucket |    7d Win |   15d Win |   30d Win |   60d Win |    Depth | Recov
---------------------------------------------------------------------------
     95+ |     90.0% |     89.5% |     89.5% |     89.5% |    +0.5% |   --
     90+ |     74.6% |     73.9% |     82.4% |     82.1% |    -7.5% |   30d
     85+ |     74.5% |     76.1% |     78.0% |     78.6% |    -4.1% |   --
     80+ |     73.3% |     74.1% |     75.4% |     75.1% |    -1.8% |   30d
     75+ |     71.2% |     72.9% |     73.6% |     72.8% |    -1.6% |   15d
     70+ |     70.1% |     71.4% |     71.9% |     71.8% |    -1.7% |   30d
     <25 |     67.5% |     69.0% |     69.1% |     68.1% |    -0.6% |   15d
     <15 |     68.4% |     70.9% |     72.1% |     70.5% |    -2.1% |   15d
      <5 |     65.7% |     69.8% |     71.7% |     70.3% |    -4.6% |   30d

Intra-Band IC (non-overlapping score bands)
  Bucket |     Band |     N |     IC 7d |    IC 15d |    IC 30d |    IC 60d
---------------------------------------------------------------------------
     95+ |   95-100 |    20 |    -0.410 |    -0.268 |    -0.320 |    -0.066
     90+ |    90-94 |    51 |    +0.068 |    -0.137 |    +0.058 |    +0.233
     85+ |    85-89 |   227 |    +0.023 |    +0.009 |    -0.131 |    -0.105
     80+ |    80-84 |   789 |    -0.012 |    -0.021 |    -0.000 |    -0.000
     75+ |    75-79 |  2274 |    +0.017 |    +0.024 |    +0.009 |    +0.003
     70+ |    70-74 |  7715 |    +0.005 |    +0.004 |    +0.007 |    +0.009
      <5 |      0-5 |   724 |    +0.061 |    +0.040 |    +0.078 |    +0.092
     <15 |     6-15 |  3781 |    -0.027 |    -0.026 |    -0.037 |    -0.044
     <25 |    16-25 | 19832 |    -0.002 |    -0.007 |    -0.009 |    -0.016

Correlation (score vs call win,     HIGH peaks): 1d=+0.015 | 7d=+0.027 | 15d=+0.029 | 30d=+0.033 | 60d=+0.029 | 90d=+0.020 | 150d=+0.006
Correlation (put strength vs put win, LOW peaks): 1d=+0.004 | 7d=+0.007 | 15d=+0.018 | 30d=+0.029 | 60d=+0.026 | 90d=+0.020 | 150d=+0.012
RTR Corr  (bucket score vs RTR win,  HIGH): 1d=+0.950 | 7d=+0.815 | 15d=+0.769 | 30d=+0.957 | 60d=+0.960 | 90d=+0.967 | 150d=+0.917
RTR Corr  (put strength  vs RTR win,  LOW): 1d=-0.679 | 7d=-0.655 | 15d=+0.419 | 30d=+0.798 | 60d=+0.826 | 90d=+0.807 | 150d=-0.069
